PassengerId,Survived,Pclass,Sex,Age,SibSp,Parch,Fare,Salutation,NumRelatives,HasFamily,LastNameOccurance,TicketOccurance,IsBritish,TransformedCabinDeck,BoardedAtSouthamption,BoardedAtQueenstown,BoardedAtCherbourg,IsAlone,AgeLogFare,YouthFamilyScore
1,0,0,0,22.0,1,0,7.25,0,1,1,2,1,1,,1,0,0,0,55.121570613796194,27.0
2,1,2,1,38.0,1,0,71.2833,3,1,1,1,1,1,2.0,0,0,1,0,164.709253575632,43.0
3,1,0,1,26.0,0,0,7.925,2,0,0,1,1,0,,1,0,0,1,66.53824893025681,5.0
4,1,2,1,35.0,1,0,53.1,3,1,1,2,2,0,2.0,1,0,0,0,142.1757982350253,40.0
5,0,0,0,35.0,0,0,8.05,0,0,0,2,1,1,,1,0,0,1,89.90758468190458,5.0
6,0,0,0,26.249105147360495,0,0,8.4583,0,0,0,3,1,1,,0,1,0,1,,
7,0,2,0,54.0,0,0,51.8625,0,0,0,1,1,1,4.0,1,0,0,1,218.19434793639059,5.0
8,0,0,0,2.0,3,1,21.075,1,4,1,4,4,0,,1,0,0,0,6.521954001773672,13.0
9,1,0,1,27.0,0,2,11.1333,3,2,1,6,3,1,,1,0,0,0,75.08390739128926,59.0
10,1,1,1,14.0,1,0,30.0708,3,1,1,2,2,0,,0,0,1,0,49.80316425576416,19.0
11,1,0,1,4.0,1,1,16.7,2,2,1,2,2,0,6.0,1,0,0,0,12.309249042185655,13.0
12,1,2,1,58.0,0,0,26.55,2,0,0,1,1,1,2.0,1,0,0,1,200.1912681612589,5.0
13,0,0,0,20.0,0,0,8.05,0,0,0,1,1,1,,1,0,0,1,51.37576267537405,5.0
14,0,0,0,39.0,1,5,31.275,0,6,1,9,7,1,,1,0,0,0,140.0540231520398,239.0
15,0,0,1,14.0,0,0,7.8542,2,0,0,1,1,0,,1,0,0,1,35.75138848661804,5.0
16,1,1,1,55.0,0,0,16.0,3,0,0,1,1,1,,1,0,0,1,167.44873407478826,5.0
17,0,0,0,2.0,4,1,29.125,1,5,1,5,5,1,,0,1,0,0,7.060060507010248,15.0
18,1,1,0,29.131174764729632,0,0,13.0,0,0,0,4,1,1,,1,0,0,1,,
19,0,0,1,31.0,1,0,18.0,3,1,1,3,1,0,,1,0,0,0,97.20032069380363,36.0
20,1,0,1,29.54136427266396,0,0,7.225,3,0,0,1,1,0,,0,0,1,1,,
21,0,1,0,35.0,0,0,26.0,0,0,0,1,2,1,,1,0,0,1,120.18955215698011,5.0
22,1,1,0,34.0,0,0,13.0,0,0,0,1,1,1,3.0,1,0,0,1,98.27263976846959,5.0
23,1,0,1,15.0,0,0,8.0292,2,0,0,1,1,1,,0,1,0,1,38.50789488712837,5.0
24,1,2,0,28.0,0,0,35.5,0,0,0,1,1,1,0.0,1,0,0,1,103.63645527514981,5.0
25,0,0,1,8.0,3,1,21.075,2,4,1,4,4,0,,1,0,0,0,26.087816007094688,37.0
26,1,0,1,38.0,1,5,31.3875,3,6,1,4,4,0,,1,0,0,0,136.5805617447262,233.0
27,0,0,0,26.822101346268834,0,0,7.225,0,0,0,1,1,0,,0,0,1,1,,
28,0,2,0,19.0,3,2,263.0,0,5,1,4,4,1,2.0,1,0,0,0,106.22875262970628,100.0
29,1,0,1,27.933077565945045,0,0,7.8792,2,0,0,1,1,1,,0,1,0,1,,
30,0,0,0,22.98983630487048,0,0,7.8958,0,0,0,1,1,0,,1,0,0,1,,
31,0,2,0,40.0,0,0,27.7208,0,0,0,1,1,0,,0,0,1,1,139.52043845253615,5.0
32,1,2,1,32.65291192687239,1,0,146.5208,3,1,1,1,2,1,1.0,0,0,1,0,,
33,1,0,1,26.53406249231707,0,0,7.75,2,0,0,1,1,1,,0,1,0,1,,
34,0,1,0,66.0,0,0,10.5,0,0,0,1,1,1,,1,0,0,1,180.89544157906326,5.0
35,0,2,0,28.0,1,0,82.1708,0,1,1,3,2,1,,0,0,1,0,125.10034354861916,33.0
36,0,2,0,42.0,1,0,52.0,0,1,1,2,2,0,,1,0,0,0,169.80815324905112,47.0
37,1,0,0,29.680697297060295,0,0,7.2292,0,0,0,1,1,0,,0,0,1,1,,
38,0,0,0,21.0,0,0,8.05,0,0,0,1,1,1,,1,0,0,1,53.944550809142754,5.0
39,0,0,1,18.0,2,0,18.0,2,2,1,3,2,0,,1,0,0,0,56.438895886724694,41.0
40,1,0,1,14.0,1,0,11.2417,2,1,1,2,2,0,,0,0,1,0,39.02614812681115,19.0
41,0,0,1,40.0,1,0,9.475,3,1,1,1,1,0,,1,0,0,0,106.89692093836236,45.0
42,0,1,1,27.0,1,0,21.0,3,1,1,2,2,1,,1,0,0,0,87.96860652658002,32.0
43,0,0,0,28.94345366231809,0,0,7.8958,0,0,0,1,1,0,,0,0,1,1,,
44,1,1,1,3.0,1,2,41.5792,2,3,1,3,3,0,,0,0,1,0,11.523462268666783,14.0
45,1,0,1,19.0,0,0,7.8792,2,0,0,1,1,1,,0,1,0,1,48.556658531973,5.0
46,0,0,0,26.75818298127849,0,0,8.05,0,0,0,1,1,1,,1,0,0,1,,
47,0,0,0,29.86779502312428,1,0,15.5,0,1,1,1,1,1,,0,1,0,0,,
48,1,0,1,26.49660705943324,0,0,7.75,2,0,0,1,1,1,,0,1,0,1,,
49,0,0,0,29.430907053715774,2,0,21.6792,0,2,1,1,1,0,,0,0,1,0,,
50,0,0,1,18.0,1,0,17.8,3,1,1,2,2,1,,1,0,0,0,56.28168964728711,23.0
51,0,0,0,7.0,4,1,39.6875,1,5,1,6,6,0,,1,0,0,0,26.597856743179584,40.0
52,0,0,0,21.0,0,0,7.8,0,0,0,1,1,1,,1,0,0,1,53.538348589437,5.0
53,1,2,1,49.0,1,0,76.7292,3,1,1,4,3,1,3.0,0,0,1,0,215.76715581448292,54.0
54,1,1,1,29.0,1,0,26.0,3,1,1,1,1,0,,1,0,0,0,99.58562893006925,34.0
55,0,2,0,65.0,0,1,61.9792,0,1,1,1,1,0,1.0,0,0,1,0,273.28483802300786,70.0
56,1,2,0,28.1966504111196,0,0,35.5,0,0,0,1,1,1,2.0,1,0,0,1,,
57,1,1,1,21.0,0,0,10.5,2,0,0,1,1,1,,1,0,0,1,57.557640502429216,5.0
58,0,0,0,28.5,0,0,7.2292,0,0,0,1,1,0,,0,0,1,1,71.35905623725456,5.0
59,1,1,1,5.0,1,2,27.75,2,3,1,3,3,1,,1,0,0,0,17.444514810406304,20.0
60,0,0,0,11.0,5,2,46.9,1,7,1,6,6,1,,1,0,0,0,43.44250669189027,82.0
61,0,0,0,22.0,0,0,7.2292,0,0,0,1,1,0,,0,0,1,1,55.08418376209124,5.0
62,1,2,1,38.0,0,0,80.0,2,0,0,1,2,0,1.0,0,0,0,1,168.82074774663204,5.0
63,0,2,0,45.0,1,0,83.475,0,1,1,4,2,1,2.0,1,0,0,0,201.7224011804187,50.0
64,0,0,0,4.0,3,2,27.9,1,5,1,6,6,0,,1,0,0,0,13.973890631085304,25.0
65,0,2,0,29.369589508987744,0,0,27.7208,0,0,0,1,1,1,,0,0,1,1,,
66,1,0,0,27.043031918193034,1,1,15.2458,1,2,1,2,2,0,,0,0,1,0,,
67,1,1,1,29.0,0,0,10.5,3,0,0,1,1,1,5.0,1,0,0,1,79.48436069383082,5.0
68,0,0,0,19.0,0,0,8.1583,0,0,0,1,1,1,,1,0,0,1,48.96400202620842,5.0
69,1,0,1,17.0,4,2,7.925,2,6,1,9,1,0,,1,0,0,0,43.505778146706376,107.0
70,0,0,0,26.0,2,0,8.6625,0,2,1,1,1,0,,1,0,0,0,67.98102619106908,57.0
71,0,1,0,32.0,0,0,10.5,0,0,0,1,1,1,,1,0,0,1,87.70688076560643,5.0
72,0,0,1,16.0,5,2,46.9,2,7,1,6,6,1,,1,0,0,0,63.18910064274949,117.0
73,0,1,0,21.0,0,0,73.5,0,0,0,1,5,1,,1,0,0,1,91.62507112055563,5.0
74,0,0,0,26.0,1,0,14.4542,0,1,1,1,1,0,,0,0,1,0,77.16963761146842,31.0
75,1,0,0,32.0,0,0,56.4958,0,0,0,1,7,1,,1,0,0,1,131.8070041535198,5.0
76,0,0,0,25.0,0,0,7.65,0,0,0,1,1,0,6.0,1,0,0,1,63.441430379338236,5.0
77,0,0,0,29.117726398007253,0,0,7.8958,0,0,0,1,1,0,,1,0,0,1,,
78,0,0,0,26.918988214001484,0,0,8.05,0,0,0,1,1,1,,1,0,0,1,,
79,1,1,0,0.83,0,2,29.0,1,2,1,2,2,1,,1,0,0,0,2.926879235431414,6.66
80,1,0,1,30.0,0,0,12.475,2,0,0,1,2,1,,1,0,0,1,85.82313864359622,5.0
81,0,0,0,22.0,0,0,9.0,0,0,0,1,1,0,,1,0,0,1,58.05926125153569,5.0
82,1,0,0,29.0,0,0,9.5,0,0,0,1,1,0,,1,0,0,1,77.55031083336934,5.0
83,1,0,1,26.85033695739142,0,0,7.7875,2,0,0,1,1,1,,0,1,0,1,,
84,0,2,0,28.0,0,0,47.1,0,0,0,1,1,0,,1,0,0,1,110.688618565261,5.0
85,1,1,1,17.0,0,0,10.5,2,0,0,1,1,1,,1,0,0,1,46.594280406728416,5.0
86,1,0,1,33.0,3,0,15.85,3,3,1,2,2,1,,1,0,0,0,100.23268029207875,104.0
87,0,0,0,16.0,1,3,34.375,0,4,1,4,4,1,,1,0,0,0,58.77009755433276,69.0
88,0,0,0,28.044051446948885,0,0,8.05,0,0,0,1,1,0,,1,0,0,1,,
89,1,2,1,23.0,3,2,263.0,2,5,1,4,4,1,2.0,1,0,0,0,128.5927005517497,120.0
90,0,0,0,24.0,0,0,8.05,0,0,0,1,1,0,,1,0,0,1,61.65091521044886,5.0
91,0,0,0,29.0,0,0,8.05,0,0,0,1,1,1,,1,0,0,1,74.49485587929237,5.0
92,0,0,0,20.0,0,0,7.8542,0,0,0,1,1,0,,1,0,0,1,51.07341212374006,5.0
93,0,2,0,46.0,1,0,61.175,0,1,1,1,1,0,4.0,1,0,0,0,192.84592641320558,51.0
94,0,0,0,26.0,1,2,20.575,0,3,1,2,2,1,,1,0,0,0,84.28199810777994,83.0
95,0,0,0,59.0,0,0,7.25,0,0,0,1,1,1,,1,0,0,1,147.82603028245342,5.0
96,0,0,0,30.421119708047016,0,0,8.05,0,0,0,1,1,1,,1,0,0,1,,
97,0,2,0,71.0,0,0,34.6542,0,0,0,1,1,1,0.0,0,0,1,1,261.29397772250303,5.0
98,1,2,0,23.0,0,1,63.3583,0,1,1,1,1,1,3.0,0,0,1,0,97.16954876066447,28.0
99,1,1,1,34.0,0,1,23.0,3,1,1,2,2,1,,1,0,0,0,113.29495334595693,39.0
100,0,1,0,34.0,1,0,26.0,0,1,1,2,2,0,,1,0,0,0,116.75556495249498,39.0
101,0,0,1,28.0,0,0,7.8958,2,0,0,1,1,0,,1,0,0,1,71.59324695485614,5.0
102,0,0,0,29.123741844897044,0,0,7.8958,0,0,0,2,1,0,,1,0,0,1,,
103,0,2,0,21.0,0,1,77.2875,0,1,1,2,2,1,3.0,1,0,0,0,92.6146034686739,26.0
104,0,0,0,33.0,0,0,8.6542,0,0,0,3,1,1,,1,0,0,1,86.263556498166,5.0
105,0,0,0,37.0,2,0,7.925,0,2,1,4,1,0,,1,0,0,0,94.68904655459623,79.0
106,0,0,0,28.0,0,0,7.8958,0,0,0,1,1,0,,1,0,0,1,71.59324695485614,5.0
107,1,0,1,21.0,0,0,7.65,2,0,0,1,1,0,,1,0,0,1,53.290801518644116,5.0
108,1,0,0,27.8261385988847,0,0,7.775,0,0,0,1,1,1,,1,0,0,1,,
109,0,0,0,38.0,0,0,7.8958,0,0,0,1,1,0,,1,0,0,1,97.16226372444763,5.0
110,1,0,1,28.223556607626307,1,0,24.15,2,1,1,3,3,1,,0,1,0,0,,
111,0,2,0,47.0,0,0,52.0,0,0,0,1,2,1,2.0,1,0,0,1,190.02340958822387,5.0
112,0,0,1,14.5,1,0,14.4542,2,1,1,2,2,0,,0,0,1,0,43.036913283318924,19.5
113,0,0,0,22.0,0,0,8.05,0,0,0,1,1,1,,1,0,0,1,56.51333894291145,5.0
114,0,0,1,20.0,1,0,9.825,2,1,1,3,1,0,,1,0,0,0,53.92629889767578,25.0
115,0,0,1,17.0,0,0,14.4583,2,0,0,2,2,0,,0,0,1,1,50.46065314237556,5.0
116,0,0,0,21.0,0,0,7.925,0,0,0,1,1,0,,1,0,0,1,53.74243182828435,5.0
117,0,0,0,70.5,0,0,7.75,0,0,0,1,1,1,,0,1,0,1,179.45995464811267,5.0
118,0,1,0,29.0,1,0,21.0,0,1,1,2,2,1,,1,0,0,0,94.48479960262299,34.0
119,0,2,0,24.0,0,1,247.5208,0,1,1,2,2,0,1.0,0,0,1,0,132.75584691744726,29.0
120,0,0,1,2.0,4,2,31.275,2,6,1,9,7,1,,1,0,0,0,7.182257597540503,17.0
121,0,1,0,21.0,2,0,73.5,0,2,1,3,5,1,,1,0,0,0,91.62507112055563,47.0
122,0,0,0,28.54744221679534,0,0,8.05,0,0,0,1,1,1,,1,0,0,1,,
123,0,1,0,32.5,1,0,30.0708,0,1,1,2,2,0,,0,0,1,0,115.61448845088108,37.5
124,1,1,1,32.5,0,0,13.0,2,0,0,2,1,1,4.0,1,0,0,1,93.93708213162535,5.0
125,0,2,0,54.0,0,1,77.2875,0,1,1,2,2,1,3.0,1,0,0,0,238.15183749087575,59.0
126,1,0,0,12.0,1,0,11.2417,1,1,1,2,2,0,,0,0,1,0,33.45098410869527,17.0
127,0,0,0,27.182478544367925,0,0,7.75,0,0,0,1,1,1,,0,1,0,1,,
128,1,0,0,24.0,0,0,7.1417,0,0,0,1,1,0,,1,0,0,1,59.919499410638,5.0
129,1,0,1,28.264831955404247,1,1,22.3583,2,2,1,2,2,1,4.0,0,0,1,0,,
130,0,0,0,45.0,0,0,6.975,0,0,0,1,1,1,,1,0,0,1,111.72695144836406,5.0
131,0,0,0,33.0,0,0,7.8958,0,0,0,1,1,0,,0,0,1,1,84.37775533965188,5.0
132,0,0,0,20.0,0,0,7.05,0,0,0,1,1,0,,1,0,0,1,49.78129319873328,5.0
133,0,0,1,47.0,1,0,14.5,3,1,1,1,1,1,,1,0,0,0,139.60947988177594,52.0
134,1,1,1,29.0,1,0,26.0,3,1,1,1,1,0,,1,0,0,0,99.58562893006925,34.0
135,0,1,0,25.0,0,0,13.0,0,0,0,1,1,1,,1,0,0,1,72.25929394740412,5.0
136,0,1,0,23.0,0,0,15.0458,0,0,0,1,1,1,,0,0,1,1,68.95445207650286,5.0
137,1,2,1,19.0,0,2,26.2833,2,2,1,1,1,1,3.0,1,0,0,0,65.41860376784105,43.0
138,0,2,0,37.0,1,0,53.1,0,1,1,2,2,0,2.0,1,0,0,0,150.30012956274103,42.0
139,0,0,0,16.0,0,0,9.2167,0,0,0,1,2,0,,1,0,0,1,42.47067727892344,5.0
140,0,2,0,24.0,0,0,79.2,0,0,0,1,2,0,1.0,0,0,1,1,106.39667810995876,5.0
141,0,0,1,27.755892130059962,0,2,15.2458,3,2,1,3,2,0,,0,0,1,0,,
142,1,0,1,22.0,0,0,7.75,2,0,0,1,1,0,,1,0,0,1,56.00168797529757,5.0
143,1,0,1,24.0,1,0,15.85,3,1,1,2,2,0,,1,0,0,0,72.89649475787546,29.0
144,0,0,0,19.0,0,0,6.75,0,0,0,1,1,1,,0,1,0,1,46.813211571213195,5.0
145,0,1,0,18.0,0,0,11.5,0,0,0,1,1,1,,1,0,0,1,50.46048685631763,5.0
146,0,1,0,19.0,1,1,36.75,0,2,1,1,2,1,,1,0,0,0,70.90228957464043,43.0
147,1,0,0,27.0,0,0,7.7958,0,0,0,9,1,1,,1,0,0,1,68.8261587861812,5.0
148,0,0,1,9.0,2,2,34.375,2,4,1,4,4,1,,1,0,0,0,33.058179874312174,41.0
149,0,1,0,36.5,0,2,26.0,0,2,1,3,3,0,5.0,1,0,0,0,125.34053296370784,78.0
150,0,1,0,42.0,0,0,13.0,0,0,0,1,1,1,,1,0,0,1,121.39561383163891,5.0
151,0,1,0,51.0,0,0,12.525,0,0,0,1,1,1,,1,0,0,1,146.04505007895335,5.0
152,1,2,1,22.0,1,0,66.6,3,1,1,2,2,1,2.0,1,0,0,0,93.96409162726519,27.0
153,0,0,0,55.5,0,0,8.05,0,0,0,1,1,1,,1,0,0,1,142.567741424163,5.0
154,0,0,0,40.5,0,2,14.5,0,2,1,1,1,0,,1,0,0,0,120.30178585557289,86.0
155,0,0,0,28.78506141585602,0,0,7.3125,0,0,0,3,1,1,,1,0,0,1,,
156,0,2,0,51.0,0,1,61.3792,0,1,1,4,1,1,,0,0,1,0,213.9645714742147,56.0
157,1,0,1,16.0,0,0,7.7333,2,0,0,1,1,0,,0,1,0,1,40.70752974623914,5.0
158,0,0,0,30.0,0,0,8.05,0,0,0,1,1,1,,1,0,0,1,77.06364401306107,5.0
159,0,0,0,27.51298319571259,0,0,8.6625,0,0,0,1,1,0,,1,0,0,1,,
160,0,0,0,30.05498210537058,8,2,69.55,1,10,1,7,7,1,,1,0,0,0,,
161,0,0,0,44.0,0,1,16.1,0,1,1,1,1,1,,1,0,0,0,134.1680137812089,49.0
162,1,1,1,40.0,0,0,15.75,3,0,0,1,1,1,,1,0,0,1,121.3018498670683,5.0
163,0,0,0,26.0,0,0,7.775,0,0,0,1,1,0,,1,0,0,1,66.23474353833397,5.0
164,0,0,0,17.0,0,0,8.6625,0,0,0,2,1,0,,1,0,0,1,44.449132509545166,5.0
165,0,0,0,1.0,4,1,39.6875,1,5,1,6,6,0,,1,0,0,0,3.7996938204542263,10.0
166,1,0,0,9.0,0,2,20.525,1,2,1,3,3,1,,1,0,0,0,29.156925276456562,23.0
167,1,2,1,26.394519034811974,0,1,55.0,3,1,1,1,2,1,4.0,1,0,0,0,,
168,0,0,1,45.0,1,4,27.9,3,5,1,6,6,0,,1,0,0,0,157.20626959970966,230.0
169,0,2,0,29.333874668406665,0,0,25.925,0,0,0,1,1,1,,1,0,0,1,,
170,0,0,0,28.0,0,0,56.4958,0,0,0,1,7,1,,1,0,0,1,115.33112863432984,5.0
171,0,2,0,61.0,0,0,33.5,0,0,0,1,1,0,1.0,1,0,0,1,222.69015271891806,5.0
172,0,0,0,4.0,4,1,29.125,1,5,1,5,5,1,,0,1,0,0,14.120121014020496,25.0
173,1,0,1,1.0,1,1,11.1333,2,2,1,6,3,1,,1,0,0,0,2.7808854589366394,7.0
174,0,0,0,21.0,0,0,7.925,0,0,0,1,1,0,,1,0,0,1,53.74243182828435,5.0
175,0,2,0,56.0,0,0,30.6958,0,0,0,4,1,1,0.0,0,0,1,1,200.20184994912546,5.0
176,0,0,0,18.0,1,1,7.8542,0,2,1,1,1,0,,1,0,0,0,45.96607091136606,41.0
177,0,0,0,31.19172515471344,3,1,25.4667,1,4,1,4,4,0,,1,0,0,0,,
178,0,2,1,50.0,0,0,28.7125,2,0,0,1,1,1,2.0,0,0,1,1,175.8934344232924,5.0
179,0,1,0,30.0,0,0,13.0,0,0,0,1,1,1,,1,0,0,1,86.71115273688494,5.0
180,0,0,0,36.0,0,0,0.0,0,0,0,1,4,1,,1,0,0,1,57.93976484762761,5.0
181,0,0,1,30.6747158532981,8,2,69.55,2,10,1,7,7,1,,1,0,0,0,,
182,0,1,0,29.200995544695978,0,0,15.05,0,0,0,1,1,0,,0,0,1,1,,
183,0,0,0,9.0,4,2,31.3875,1,6,1,4,4,0,,1,0,0,0,32.348027781645676,59.0
184,1,1,0,1.0,2,1,39.0,1,3,1,2,2,1,5.0,1,0,0,0,3.784189633918261,8.0
185,1,0,1,4.0,0,2,22.025,2,2,1,1,1,0,,1,0,0,0,13.187049454101087,13.0
186,0,2,0,27.793608129483335,0,0,50.0,0,0,0,1,1,1,0.0,1,0,0,1,,
187,1,0,1,27.491590393300072,1,0,15.5,3,1,1,3,2,1,,0,1,0,0,,
188,1,2,0,45.0,0,0,26.55,0,0,0,1,1,1,,1,0,0,1,155.320811504425,5.0
189,0,0,0,40.0,1,1,15.5,0,2,1,3,2,1,,0,1,0,0,120.8169954457745,85.0
190,0,0,0,36.0,0,0,7.8958,0,0,0,1,1,0,,1,0,0,1,92.04846037052934,5.0
191,1,1,1,32.0,0,0,13.0,3,0,0,1,1,0,,1,0,0,1,92.49189625267726,5.0
192,0,1,0,19.0,0,0,13.0,0,0,0,1,1,1,,1,0,0,1,54.917063400027125,5.0
193,1,0,1,19.0,1,0,7.8542,2,1,1,4,1,1,,1,0,0,0,48.51974151755306,24.0
194,1,1,0,3.0,1,1,26.0,1,2,1,3,3,0,5.0,1,0,0,0,10.30196161345544,11.0
195,1,2,1,44.0,0,0,27.7208,3,0,0,4,1,1,1.0,0,0,1,1,153.47248229778975,5.0
196,1,2,1,58.0,0,0,146.5208,2,0,0,1,2,0,1.0,0,0,1,1,291.20192873678275,5.0
197,0,0,0,29.94477412590968,0,0,7.75,0,0,0,1,1,1,,0,1,0,1,,
198,0,0,0,42.0,0,1,8.4042,0,1,1,3,1,1,,1,0,0,0,109.01385980868083,47.0
199,1,0,1,29.80069448063587,0,0,7.75,2,0,0,1,1,1,,0,1,0,1,,
200,0,1,1,24.0,0,0,13.0,2,0,0,1,1,0,,1,0,0,1,69.36892218950794,5.0
201,0,0,0,28.0,0,0,9.5,0,0,0,1,1,0,,1,0,0,1,74.87616218394281,5.0
202,0,0,0,28.831532504389678,8,2,69.55,0,10,1,7,7,1,,1,0,0,0,,
203,0,0,0,34.0,0,0,6.4958,0,0,0,1,1,1,,1,0,0,1,83.02737954317273,5.0
204,0,0,0,45.5,0,0,7.225,0,0,0,1,1,0,,0,0,1,1,113.90847810892257,5.0
205,1,0,0,18.0,0,0,8.05,0,0,0,1,1,1,,1,0,0,1,46.23818640783664,5.0
206,0,0,1,2.0,0,1,10.4625,2,1,1,2,2,0,6.0,1,0,0,0,5.476835475437213,7.0
207,0,0,0,32.0,1,0,15.85,0,1,1,2,2,1,,1,0,0,0,97.19532634383394,37.0
208,1,0,0,26.0,0,0,18.7875,0,0,0,1,2,0,,0,0,1,1,82.39816604817896,5.0
209,1,0,1,16.0,0,0,7.75,2,0,0,1,1,1,,0,1,0,1,40.72850034567096,5.0
210,1,2,0,40.0,0,0,31.0,0,0,0,1,1,1,0.0,0,0,1,1,143.3407575382444,5.0
211,0,0,0,24.0,0,0,7.05,0,0,0,2,1,1,,1,0,0,1,59.73755183847993,5.0
212,1,1,1,35.0,0,0,21.0,2,0,0,1,1,1,,1,0,0,1,114.03337883075187,5.0
213,0,0,0,22.0,0,0,7.25,0,0,0,1,1,1,,1,0,0,1,55.121570613796194,5.0
214,0,1,0,30.0,0,0,13.0,0,0,0,1,1,0,,1,0,0,1,86.71115273688494,5.0
215,0,0,0,30.886821584076753,1,0,7.75,0,1,1,1,1,0,,0,1,0,0,,
216,1,2,1,31.0,1,0,113.275,2,1,1,3,3,1,3.0,0,0,1,0,147.96338506703356,36.0
217,1,0,1,27.0,0,0,7.925,2,0,0,1,1,0,,1,0,0,1,69.09741235065131,5.0
218,0,1,0,42.0,1,0,27.0,0,1,1,2,2,1,,1,0,0,0,145.5609079175885,47.0
219,1,2,1,32.0,0,0,76.2917,2,0,0,1,1,0,3.0,0,0,1,1,140.73740545027877,5.0
220,0,1,0,30.0,0,0,10.5,0,0,0,4,1,1,,1,0,0,1,82.22520071775602,5.0
221,1,0,0,16.0,0,0,8.05,0,0,0,1,1,1,,1,0,0,1,41.10061014029924,5.0
222,0,1,0,27.0,0,0,13.0,0,0,0,1,1,1,,1,0,0,1,78.04003746319644,5.0
223,0,0,0,51.0,0,0,8.05,0,0,0,1,1,1,,1,0,0,1,131.00819482220382,5.0
224,0,0,0,28.21859995126652,0,0,7.8958,0,0,0,1,1,0,,1,0,0,1,,
225,1,2,0,38.0,1,0,90.0,0,1,1,3,2,1,2.0,1,0,0,0,173.04732188082056,43.0
226,0,0,0,22.0,0,0,9.35,0,0,0,1,1,0,,1,0,0,1,58.60249872852386,5.0
227,1,1,0,19.0,0,0,10.5,0,0,0,1,1,1,,1,0,0,1,52.07596045457882,5.0
228,0,0,0,20.5,0,0,7.25,0,0,0,1,1,1,,1,0,0,1,51.36328170831009,5.0
229,0,1,0,18.0,0,0,13.0,0,0,0,1,1,0,,1,0,0,1,52.02669164213096,5.0
230,0,0,1,29.694585339001218,3,1,25.4667,2,4,1,4,4,0,,1,0,0,0,,
231,1,2,1,35.0,1,0,83.475,3,1,1,4,2,1,2.0,1,0,0,0,156.89520091810343,40.0
232,0,0,0,29.0,0,0,7.775,0,0,0,2,1,1,,1,0,0,1,73.87721394660328,5.0
233,0,1,0,59.0,0,0,13.5,0,0,0,1,1,0,,1,0,0,1,172.14847319297246,5.0
234,1,0,1,5.0,4,2,31.3875,2,6,1,4,4,0,,1,0,0,0,17.971126545358707,35.0
235,0,1,0,24.0,0,0,10.5,0,0,0,1,1,0,,1,0,0,1,65.78016057420481,5.0
236,0,0,1,27.898757225424006,0,0,7.55,2,0,0,1,1,1,,1,0,0,1,,
237,0,1,0,44.0,1,0,26.0,0,1,1,1,1,0,,1,0,0,0,151.09543699734644,49.0
238,1,1,1,8.0,0,2,26.25,2,2,1,3,3,1,,1,0,0,0,27.536155009459286,21.0
239,0,1,0,19.0,0,0,10.5,0,0,0,1,1,1,,1,0,0,1,52.07596045457882,5.0
240,0,1,0,33.0,0,0,12.275,0,0,0,1,1,1,,1,0,0,1,94.02559219857321,5.0
241,0,0,1,26.76035462496842,1,0,14.4542,2,1,1,2,2,0,,0,0,1,0,,
242,1,0,1,29.46291461792704,1,0,15.5,2,1,1,2,2,1,,0,1,0,0,,
243,0,1,0,29.0,0,0,10.5,0,0,0,1,1,1,,1,0,0,1,79.48436069383082,5.0
244,0,0,0,22.0,0,0,7.125,0,0,0,1,1,0,,1,0,0,1,54.89592761011804,5.0
245,0,0,0,30.0,0,0,7.225,0,0,0,2,1,0,,0,0,1,1,75.10449106082807,5.0
246,0,2,0,44.0,2,0,90.0,1,2,1,2,2,1,2.0,0,1,0,0,200.3705832304238,93.0
247,0,0,1,25.0,0,0,7.775,2,0,0,1,1,0,,1,0,0,1,63.6872534022442,5.0
248,1,1,1,24.0,0,2,14.5,3,2,1,2,2,0,,1,0,0,0,71.28994717367283,53.0
249,1,2,0,37.0,1,1,52.5542,0,2,1,2,2,1,3.0,1,0,0,0,149.95090316332715,79.0
250,0,1,0,54.0,1,0,26.0,0,1,1,6,2,1,,1,0,0,0,185.4353090421979,59.0
251,0,0,0,31.071908404449413,0,0,7.25,0,0,0,1,1,1,,1,0,0,1,,
252,0,0,1,29.0,1,1,10.4625,3,2,1,2,2,0,6.0,1,0,0,0,79.41411439383958,63.0
253,0,2,0,62.0,0,0,26.55,0,0,0,1,1,1,2.0,1,0,0,1,213.9975625172078,5.0
254,0,0,0,30.0,1,0,16.1,0,1,1,2,2,1,,1,0,0,0,91.47819121446062,35.0
255,0,0,1,41.0,0,2,20.2125,3,2,1,2,2,0,,1,0,0,0,132.32093603449354,87.0
256,1,0,1,29.0,0,2,15.2458,3,2,1,1,1,0,,0,0,1,0,87.23047357436425,63.0
257,1,2,1,30.89358930253111,0,0,79.2,3,0,0,1,1,1,,0,0,1,1,,
258,1,2,1,30.0,0,0,86.5,2,0,0,1,3,1,1.0,1,0,0,1,135.49016916844428,5.0
259,1,2,1,35.0,0,0,512.3292,2,0,0,1,3,1,,0,0,1,1,218.70377978233455,5.0
260,1,1,1,50.0,0,1,26.0,3,1,1,1,2,1,,1,0,0,0,171.6993602242573,55.0
261,0,0,0,28.53109013092922,0,0,7.75,0,0,0,4,1,1,,0,1,0,1,,
262,1,0,0,3.0,4,2,31.3875,1,6,1,4,4,0,,1,0,0,0,10.782675927215225,23.0
263,0,2,0,52.0,1,1,79.65,0,2,1,3,3,0,4.0,1,0,0,0,230.8033056461155,109.0
264,0,2,0,40.0,0,0,0.0,0,0,0,1,1,1,1.0,1,0,0,1,64.37751649736401,5.0
265,0,0,1,25.748149883123993,0,0,7.75,2,0,0,1,1,1,,0,1,0,1,,
266,0,1,0,36.0,0,0,10.5,0,0,0,1,1,1,,1,0,0,1,98.67024086130724,5.0
267,0,0,0,16.0,4,1,39.6875,0,5,1,6,6,0,,1,0,0,0,60.79510112726762,85.0
268,1,0,0,25.0,1,0,7.775,0,1,1,1,1,1,,1,0,0,0,63.6872534022442,30.0
269,1,2,1,58.0,0,1,153.4625,3,1,1,3,3,1,2.0,1,0,0,0,293.80004239136105,63.0
270,1,2,1,35.0,0,0,135.6333,2,0,0,1,3,0,2.0,1,0,0,1,173.11545277037075,5.0
271,0,2,0,28.894024430569292,0,0,31.0,0,0,0,1,2,1,,1,0,0,1,,
272,1,0,0,25.0,0,0,0.0,0,0,0,1,4,0,,1,0,0,1,40.23594781085251,5.0
273,1,1,1,41.0,0,1,19.5,3,1,1,2,2,0,,1,0,0,0,131.14559781957794,46.0
274,0,2,0,37.0,0,1,29.7,0,1,1,1,1,0,2.0,0,0,1,0,131.2293684172541,42.0
275,1,0,1,27.88234311340355,0,0,7.75,2,0,0,1,1,1,,0,1,0,1,,
276,1,2,1,63.0,1,0,77.9583,2,1,1,2,3,1,3.0,1,0,0,0,278.35529853020614,68.0
277,0,0,1,45.0,0,0,7.75,2,0,0,1,1,0,,1,0,0,1,114.54890722219957,5.0
278,0,1,0,27.65983072062505,0,0,0.0,0,0,0,1,3,1,,1,0,0,1,,
279,0,0,0,7.0,4,1,29.125,1,5,1,5,5,1,,0,1,0,0,24.710211774535868,40.0
280,1,0,1,35.0,1,1,20.25,3,2,1,2,2,1,,1,0,0,0,113.00891545024791,75.0
281,0,0,0,65.0,0,0,7.75,0,0,0,1,1,0,,0,1,0,1,165.45953265428827,5.0
282,0,0,0,28.0,0,0,7.8542,0,0,0,2,1,1,,1,0,0,1,71.50277697323608,5.0
283,0,0,0,16.0,0,0,9.5,0,0,0,1,1,0,,1,0,0,1,42.78637839082446,5.0
284,1,0,0,19.0,0,0,8.05,0,0,0,1,1,1,,1,0,0,1,48.80697454160534,5.0
285,0,2,0,31.08839955406678,0,0,26.0,0,0,0,4,1,1,0.0,1,0,0,1,,
286,0,0,0,33.0,0,0,8.6625,0,0,0,1,1,0,,0,0,1,1,86.28361016558767,5.0
287,1,0,0,30.0,0,0,9.5,0,0,0,1,1,0,,1,0,0,1,80.22445948279587,5.0
288,0,0,0,22.0,0,0,7.8958,0,0,0,1,1,0,,1,0,0,1,56.251836893101256,5.0
289,1,1,0,42.0,0,0,13.0,0,0,0,1,1,0,,1,0,0,1,121.39561383163891,5.0
290,1,0,1,22.0,0,0,7.75,2,0,0,1,1,1,,0,1,0,1,56.00168797529757,5.0
291,1,2,1,26.0,0,0,78.85,2,0,0,1,2,1,,1,0,0,1,115.15476669499967,5.0
292,1,2,1,19.0,1,0,91.0792,3,1,1,2,2,1,1.0,0,0,1,0,86.73828417550546,24.0
293,0,1,0,36.0,0,0,12.875,0,0,0,1,1,1,3.0,0,0,1,1,103.80251118888256,5.0
294,0,0,1,24.0,0,0,8.85,2,0,0,1,1,1,,1,0,0,1,63.07884558320035,5.0
295,0,0,0,24.0,0,0,7.8958,0,0,0,1,1,0,,1,0,0,1,61.365640247019556,5.0
296,0,2,0,29.837179354980222,0,0,27.7208,0,0,0,1,1,0,,0,0,1,1,,
297,0,0,0,23.5,0,0,7.2292,0,0,0,1,1,0,,0,0,1,1,58.83992356405201,5.0
298,0,2,1,2.0,1,2,151.55,2,3,1,3,4,1,2.0,1,0,0,0,10.10675089554483,11.0
299,1,2,0,29.521507785110202,0,0,30.5,0,0,0,1,1,1,2.0,1,0,0,1,,
300,1,2,1,50.0,0,1,247.5208,3,1,1,2,2,1,1.0,0,0,1,0,276.5746810780151,55.0
301,1,0,1,27.298252623915133,0,0,7.75,2,0,0,4,1,1,,0,1,0,1,,
302,1,0,0,26.6010368425528,2,0,23.25,0,2,1,2,2,1,,0,1,0,0,,
303,0,0,0,19.0,0,0,0.0,0,0,0,6,4,1,,1,0,0,1,30.579320336247907,5.0
304,1,1,1,27.161487727443628,0,0,12.35,2,0,0,2,1,1,4.0,0,1,0,1,,
305,0,0,0,28.91632129589854,0,0,8.05,0,0,0,4,1,1,,1,0,0,1,,
306,1,2,0,0.92,1,2,151.55,1,3,1,3,4,1,2.0,1,0,0,0,4.649105411950622,7.76
307,1,2,1,29.621418523716635,0,0,110.8833,2,0,0,1,4,1,,0,0,1,1,,
308,1,2,1,17.0,1,0,108.9,3,1,1,2,2,0,2.0,0,0,1,0,80.50045479770333,22.0
309,0,1,0,30.0,1,0,24.0,0,1,1,2,2,1,,0,0,1,0,101.01887489959422,35.0
310,1,2,1,30.0,0,0,56.9292,2,0,0,1,2,0,4.0,0,0,1,1,123.77975391168309,5.0
311,1,2,1,24.0,0,0,83.1583,2,0,0,2,2,1,2.0,0,0,1,1,107.49921749033007,5.0
312,1,2,1,18.0,2,2,262.375,2,4,1,2,2,0,1.0,0,0,1,0,100.59573901324626,77.0
313,0,1,1,26.0,1,1,26.0,3,2,1,1,1,0,,1,0,0,0,89.2836673166138,57.0
314,0,0,0,28.0,0,0,7.8958,0,0,0,1,1,0,,1,0,0,1,71.59324695485614,5.0
315,0,1,0,43.0,1,1,26.25,0,2,1,4,3,1,,1,0,0,0,148.00683317584367,91.0
316,1,0,1,26.0,0,0,7.8542,2,0,0,1,1,0,,1,0,0,1,66.39543576086209,5.0
317,1,1,1,24.0,1,0,26.0,3,1,1,2,2,0,,1,0,0,0,82.41569290764352,29.0
318,0,1,0,54.0,0,0,14.0,1,0,0,1,1,0,,1,0,0,1,158.99970487498777,5.0
319,1,2,1,31.0,0,2,164.8667,2,2,1,2,2,1,2.0,1,0,0,0,159.18543436648707,67.0
320,1,2,1,40.0,1,1,134.5,3,2,1,1,2,0,4.0,0,0,1,0,197.5225840504568,85.0
321,0,0,0,22.0,0,0,7.25,0,0,0,1,1,1,,1,0,0,1,55.121570613796194,5.0
322,0,0,0,27.0,0,0,7.8958,0,0,0,1,1,0,,1,0,0,1,69.036345277897,5.0
323,1,1,1,30.0,0,0,12.35,2,0,0,1,1,0,,0,1,0,1,85.60777519178605,5.0
324,1,1,1,22.0,1,1,29.0,3,2,1,2,2,1,,1,0,0,0,77.57993154155555,49.0
325,0,0,0,26.78490881548844,8,2,69.55,0,10,1,7,7,1,,1,0,0,0,,
326,1,2,1,36.0,0,0,135.6333,2,0,0,1,3,1,2.0,0,0,1,1,178.0616085638099,5.0
327,0,0,0,61.0,0,0,6.2375,0,0,0,1,1,0,,1,0,0,1,147.57464038766207,5.0
328,1,1,1,36.0,0,0,13.0,3,0,0,1,1,1,3.0,1,0,0,1,104.05338328426193,5.0
329,1,0,1,31.0,1,1,20.525,3,2,1,3,3,1,,1,0,0,0,100.4294092855726,67.0
330,1,2,1,16.0,0,1,57.9792,2,1,1,2,2,0,1.0,0,0,1,0,66.2848722103517,21.0
331,1,0,1,29.70748850892007,2,0,23.25,2,2,1,2,2,1,,0,1,0,0,,
332,0,2,0,45.5,0,0,28.5,0,0,0,1,1,0,2.0,1,0,0,1,159.77531746681146,5.0
333,0,2,0,38.0,0,1,153.4625,0,1,1,3,3,1,2.0,1,0,0,0,192.48968294606414,43.0
334,0,0,0,16.0,2,0,18.0,0,2,1,3,2,0,,1,0,0,0,50.167907454866395,37.0
335,1,2,1,30.79899886418882,1,0,133.65,3,1,1,2,2,0,,1,0,0,0,,
336,0,0,0,30.089086839674074,0,0,7.8958,0,0,0,1,1,0,,1,0,0,1,,
337,0,2,0,29.0,1,0,66.6,0,1,1,2,2,1,2.0,1,0,0,0,123.86175714503139,34.0
338,1,2,1,41.0,0,0,134.5,2,0,0,1,2,1,4.0,0,0,1,1,202.46064865171823,5.0
339,1,0,0,45.0,0,0,8.05,0,0,0,1,1,1,,1,0,0,1,115.59546601959161,5.0
340,0,2,0,45.0,0,0,35.5,0,0,0,1,1,1,19.0,1,0,0,1,166.5585888350622,5.0
341,1,1,0,2.0,1,1,26.0,1,2,1,3,3,0,5.0,1,0,0,0,6.8679744089702925,9.0
342,1,2,1,24.0,3,2,263.0,2,5,1,4,4,1,2.0,1,0,0,0,134.18368753226056,125.0
343,0,1,0,28.0,0,0,13.0,0,0,0,1,1,0,,1,0,0,1,80.9304092210926,5.0
344,0,1,0,25.0,0,0,13.0,0,0,0,1,1,1,,1,0,0,1,72.25929394740412,5.0
345,0,1,0,36.0,0,0,13.0,0,0,0,1,1,1,,1,0,0,1,104.05338328426193,5.0
346,1,1,1,24.0,0,0,13.0,2,0,0,4,1,1,5.0,1,0,0,1,69.36892218950794,5.0
347,1,1,1,40.0,0,0,13.0,2,0,0,4,1,1,,1,0,0,1,115.61487031584659,5.0
348,1,0,1,29.26819062954961,1,0,16.1,3,1,1,1,1,1,,1,0,0,0,,
349,1,0,0,3.0,1,1,15.9,1,2,1,2,2,1,,1,0,0,0,9.119247476912296,11.0
350,0,0,0,42.0,0,0,8.6625,0,0,0,1,1,0,,1,0,0,1,109.81550384711159,5.0
351,0,0,0,23.0,0,0,9.225,0,0,0,1,1,0,,1,0,0,1,61.06502254028508,5.0
352,0,2,0,28.126694772653995,0,0,35.0,0,0,0,1,1,1,2.0,1,0,0,1,,
353,0,0,0,15.0,1,1,7.2292,0,2,1,3,1,1,,0,0,1,0,37.55739801960767,35.0
354,0,0,0,25.0,1,0,17.8,0,1,1,2,2,1,,1,0,0,0,78.16901339900988,30.0
355,0,0,0,28.969685912736587,0,0,7.225,0,0,0,1,1,0,,0,0,1,1,,
356,0,0,0,28.0,0,0,9.5,0,0,0,1,1,0,,1,0,0,1,74.87616218394281,5.0
357,1,2,1,22.0,0,1,55.0,2,1,1,1,2,1,4.0,1,0,0,0,90.07558036888621,27.0
358,0,1,1,38.0,0,0,13.0,2,0,0,1,1,1,,1,0,0,1,109.83412680005425,5.0
359,1,0,1,26.082857447572643,0,0,7.8792,2,0,0,1,1,1,,0,1,0,1,,
360,1,0,1,28.580641419780594,0,0,7.8792,2,0,0,1,1,1,,0,1,0,1,,
361,0,0,0,40.0,1,4,27.9,0,5,1,6,6,0,,1,0,0,0,139.73890631085305,205.0
362,0,1,0,29.0,1,0,27.7208,0,1,1,1,1,0,,0,0,1,0,101.15231787808871,34.0
363,0,0,1,45.0,0,1,14.4542,3,1,1,2,2,0,,0,0,1,0,133.56283432754148,50.0
364,0,0,0,35.0,0,0,7.05,0,0,0,1,1,0,,1,0,0,1,87.11726309778324,5.0
365,0,0,0,28.822902899716418,1,0,15.5,0,1,1,3,2,1,,0,1,0,0,,
366,0,0,0,30.0,0,0,7.25,0,0,0,1,1,0,,1,0,0,1,75.16577810972208,5.0
367,1,2,1,60.0,1,0,75.25,3,1,1,1,1,1,3.0,0,0,1,0,263.1088057206075,65.0
368,1,0,1,28.905934674514597,0,0,7.2292,3,0,0,1,1,0,,0,0,1,1,,
369,1,0,1,27.76681976236749,0,0,7.75,2,0,0,1,1,1,,0,1,0,1,,
370,1,2,1,24.0,0,0,69.3,0,0,0,1,2,0,1.0,0,0,1,1,103.39466284136913,5.0
371,1,2,0,25.0,1,0,55.4417,0,1,1,1,1,1,4.0,0,0,1,0,102.54198160192867,30.0
372,0,0,0,18.0,1,0,6.4958,0,1,1,1,1,0,,1,0,0,0,43.95567152285615,23.0
373,0,0,0,19.0,0,0,8.05,0,0,0,1,1,1,,1,0,0,1,48.80697454160534,5.0
374,0,2,0,22.0,0,0,135.6333,0,0,0,1,3,0,,0,0,1,1,108.81542745566162,5.0
375,0,0,1,3.0,3,1,21.075,2,4,1,4,4,0,,1,0,0,0,9.782931002660508,17.0
376,1,2,1,29.38922337541593,1,0,82.1708,3,1,1,3,2,1,,0,0,1,0,,
377,1,0,1,22.0,0,0,7.25,2,0,0,1,1,0,,1,0,0,1,55.121570613796194,5.0
378,0,2,0,27.0,0,2,211.5,0,2,1,1,1,0,2.0,0,0,1,0,145.1949447809487,59.0
379,0,0,0,20.0,0,0,4.0125,0,0,0,1,1,0,,0,0,1,1,43.97225005222134,5.0
380,0,0,0,19.0,0,0,7.775,0,0,0,4,1,0,,1,0,0,1,48.402312585705594,5.0
381,1,2,1,42.0,0,0,227.525,2,0,0,1,4,1,,0,0,1,1,228.8579053373983,5.0
382,1,0,1,1.0,0,2,15.7417,2,2,1,2,2,0,,0,0,1,0,3.0321461666553677,7.0
383,0,0,0,32.0,0,0,7.925,0,0,0,1,1,0,,1,0,0,1,81.89322945262377,5.0
384,1,2,1,35.0,1,0,52.0,3,1,1,2,2,0,,1,0,0,0,141.50679437420925,40.0
385,0,0,0,28.595187156250258,0,0,7.8958,0,0,0,1,1,0,,1,0,0,1,,
386,0,1,0,18.0,0,0,73.5,0,0,0,3,5,1,,1,0,0,1,78.53577524619054,5.0
387,0,0,0,1.0,5,2,46.9,1,7,1,6,6,1,,1,0,0,0,3.949318790171843,12.0
388,1,1,1,36.0,0,0,13.0,2,0,0,1,1,1,,1,0,0,1,104.05338328426193,5.0
389,0,0,0,28.462663246510036,0,0,7.7292,0,0,0,1,1,0,,0,1,0,1,,
390,1,1,1,17.0,0,0,12.0,2,0,0,1,1,1,,0,0,1,1,48.16462684895568,5.0
391,1,2,0,36.0,1,2,120.0,0,3,1,6,4,1,1.0,1,0,0,0,173.81929454288286,113.0
392,1,0,0,21.0,0,0,7.7958,0,0,0,1,1,1,,1,0,0,1,53.53145683369648,5.0
393,0,0,0,28.0,2,0,7.925,0,2,1,4,1,0,,1,0,0,0,71.6565757710458,61.0
394,1,2,1,23.0,1,0,113.275,2,1,1,3,3,1,3.0,0,0,1,0,109.77928569489588,28.0
395,1,0,1,24.0,0,2,16.7,3,2,1,2,2,0,6.0,1,0,0,0,73.85549425311393,53.0
396,0,0,0,22.0,0,0,7.7958,0,0,0,3,1,1,,1,0,0,1,56.080573825777265,5.0
397,0,0,1,31.0,0,0,7.8542,2,0,0,2,1,0,,1,0,0,1,79.1637887917971,5.0
398,0,1,0,46.0,0,0,26.0,0,0,0,1,2,1,,1,0,0,1,157.96341140631674,5.0
399,0,1,0,23.0,0,0,10.5,1,0,0,1,1,1,,1,0,0,1,63.03932055027962,5.0
400,1,1,1,28.0,0,0,12.65,3,0,0,1,1,1,,1,0,0,1,80.38060193462056,5.0
401,1,0,0,39.0,0,0,7.925,0,0,0,1,1,0,,1,0,0,1,99.80737339538523,5.0
402,0,0,0,26.0,0,0,8.05,0,0,0,1,1,1,,1,0,0,1,66.78849147798627,5.0
403,0,0,1,21.0,1,0,9.825,2,1,1,3,1,0,,1,0,0,0,56.62261384255957,26.0
404,0,0,0,28.0,1,0,15.85,0,1,1,2,2,0,,1,0,0,0,85.0459105508547,33.0
405,0,0,1,20.0,0,0,8.6625,2,0,0,2,1,0,,1,0,0,1,52.293097070053136,5.0
406,0,1,0,34.0,1,0,21.0,0,1,1,1,1,1,,1,0,0,0,110.7752822927304,39.0
407,0,0,0,51.0,0,0,7.75,0,0,0,1,1,0,,1,0,0,1,129.8220948518262,5.0
408,1,1,0,3.0,1,1,18.75,1,2,1,3,3,1,,1,0,0,0,9.50274759144195,11.0
409,0,0,0,21.0,0,0,7.775,0,0,0,1,1,0,,1,0,0,1,53.49729285788513,5.0
410,0,0,1,27.202307845937362,3,1,25.4667,2,4,1,4,4,0,,1,0,0,0,,
411,0,0,0,27.963944181316023,0,0,7.8958,0,0,0,1,1,0,,1,0,0,1,,
412,0,0,0,26.704207659767345,0,0,6.8583,0,0,0,4,1,1,,0,1,0,1,,
413,1,2,1,33.0,1,0,90.0,2,1,1,2,2,0,2.0,0,1,0,0,150.27793742281784,38.0
414,0,1,0,28.561340686262156,0,0,0.0,0,0,0,1,3,1,,1,0,0,1,,
415,1,0,0,44.0,0,0,7.925,0,0,0,1,1,1,,1,0,0,1,112.60319049735769,5.0
416,0,0,1,31.58712619728556,0,0,8.05,3,0,0,1,1,1,,1,0,0,1,,
417,1,1,1,34.0,1,1,32.5,3,2,1,1,1,1,,1,0,0,0,123.22759172119642,73.0
418,1,1,1,18.0,0,2,13.0,2,2,1,1,1,0,,1,0,0,0,52.02669164213096,41.0
419,0,1,0,30.0,0,0,13.0,0,0,0,1,1,1,,1,0,0,1,86.71115273688494,5.0
420,0,0,1,10.0,0,2,24.15,2,2,1,3,3,0,,1,0,0,0,33.72454912796501,25.0
421,0,0,0,28.805608303762227,0,0,7.8958,0,0,0,1,1,0,,0,0,1,1,,
422,0,0,0,21.0,0,0,7.7333,0,0,0,1,1,1,,0,1,0,1,53.42863279193887,5.0
423,0,0,0,29.0,0,0,7.875,0,0,0,1,1,1,,1,0,0,1,74.1033359499442,5.0
424,0,0,1,28.0,1,1,14.4,3,2,1,2,2,0,,1,0,0,0,83.0276458499399,61.0
425,0,0,0,18.0,1,1,20.2125,0,2,1,2,2,0,,1,0,0,0,58.09211825904595,41.0
426,0,0,0,28.76057552443805,0,0,7.25,0,0,0,1,1,1,,1,0,0,1,,
427,1,1,1,28.0,1,0,26.0,3,1,1,1,1,1,,1,0,0,0,96.1516417255841,33.0
428,1,1,1,19.0,0,0,26.0,2,0,0,1,2,1,,1,0,0,1,65.24575688521777,5.0
429,0,0,0,32.02365056150661,0,0,7.75,0,0,0,3,1,1,,0,1,0,1,,
430,1,0,0,32.0,0,0,8.05,0,0,0,1,1,1,4.0,1,0,0,1,82.20122028059848,5.0
431,1,2,0,28.0,0,0,26.55,0,0,0,1,1,0,2.0,1,0,0,1,96.64406049164222,5.0
432,1,0,1,29.66242989650148,1,0,16.1,3,1,1,2,2,1,,1,0,0,0,,
433,1,1,1,42.0,1,0,26.0,3,1,1,1,1,1,,1,0,0,0,144.22746258837614,47.0
434,0,0,0,17.0,0,0,7.125,0,0,0,1,1,0,,1,0,0,1,42.4195804260003,5.0
435,0,2,0,50.0,1,0,55.9,0,1,1,2,2,1,4.0,1,0,0,0,205.46165873579255,55.0
436,1,2,1,14.0,1,2,120.0,2,3,1,6,4,1,1.0,1,0,0,0,67.59639232223222,47.0
437,0,0,1,21.0,2,2,34.375,2,4,1,4,4,1,,1,0,0,0,77.13575304006174,89.0
438,1,1,1,24.0,2,3,18.75,3,5,1,3,3,1,,1,0,0,0,76.0219807315356,125.0
439,0,2,0,64.0,1,4,263.0,0,5,1,4,4,1,2.0,1,0,0,0,357.8231667526948,325.0
440,0,1,0,31.0,0,0,10.5,0,0,0,1,1,0,,1,0,0,1,84.96604074168123,5.0
441,1,1,1,45.0,1,1,26.25,3,2,1,4,3,1,,1,0,0,0,154.89087192820847,95.0
442,0,0,0,20.0,0,0,9.5,0,0,0,1,1,0,,1,0,0,1,53.48297298853058,5.0
443,0,0,0,25.0,1,0,7.775,0,1,1,1,1,1,,1,0,0,0,63.6872534022442,30.0
444,1,1,1,28.0,0,0,13.0,0,0,0,1,1,1,,1,0,0,1,80.9304092210926,5.0
445,1,0,0,28.560750720660018,0,0,8.1125,0,0,0,1,1,0,,1,0,0,1,,
446,1,2,0,4.0,0,2,81.8583,1,2,1,1,1,1,0.0,1,0,0,0,17.857112220762133,13.0
447,1,1,1,13.0,0,1,19.5,2,1,1,2,2,0,,1,0,0,0,41.58275052815886,18.0
448,1,2,0,34.0,0,0,26.55,0,0,0,1,1,1,,1,0,0,1,117.35350202556556,5.0
449,1,0,1,5.0,2,1,19.2583,2,3,1,4,4,0,,0,0,1,0,15.943794134321925,20.0
450,1,2,0,52.0,0,0,30.5,0,0,0,1,1,0,2.0,1,0,0,1,185.61570021703125,5.0
451,0,1,0,36.0,1,2,27.75,0,3,1,3,3,1,,1,0,0,0,125.6005066349254,113.0
452,0,0,0,29.803329221984523,1,0,19.9667,0,1,1,2,1,0,,1,0,0,0,,
453,0,2,0,30.0,0,0,27.75,0,0,0,1,1,1,2.0,0,0,1,1,104.66708886243782,5.0
454,1,2,0,49.0,1,0,89.1042,0,1,1,2,2,1,2.0,0,0,1,0,222.67573126923855,54.0
455,0,0,0,26.46374468738908,0,0,8.05,0,0,0,1,1,1,,1,0,0,1,,
456,1,0,0,29.0,0,0,7.8958,0,0,0,1,1,0,,0,0,1,1,74.1501486318153,5.0
457,0,2,0,65.0,0,0,26.55,0,0,0,1,1,1,4.0,1,0,0,1,224.35228328416946,5.0
458,1,2,1,30.715175655857436,1,0,51.8625,3,1,1,1,1,1,3.0,1,0,0,0,,
459,1,1,1,50.0,0,0,10.5,2,0,0,1,1,1,,1,0,0,1,137.04200119626003,5.0
460,0,0,0,29.13605206384209,0,0,7.75,0,0,0,1,1,1,,0,1,0,1,,
461,1,2,0,48.0,0,0,26.55,0,0,0,1,1,1,4.0,1,0,0,1,165.67553227138666,5.0
462,0,0,0,34.0,0,0,8.05,0,0,0,2,1,1,,1,0,0,1,87.33879654813589,5.0
463,0,2,0,47.0,0,0,38.5,0,0,0,1,1,1,4.0,1,0,0,1,177.319764090448,5.0
464,0,1,0,48.0,0,0,13.0,0,0,0,1,1,1,,1,0,0,1,138.73784437901588,5.0
465,0,0,0,30.087371680845404,0,0,8.05,0,0,0,1,1,0,,1,0,0,1,,
466,0,0,0,38.0,0,0,7.05,0,0,0,1,1,1,,1,0,0,1,94.58445707759323,5.0
467,0,1,0,29.2168285746939,0,0,0.0,0,0,0,1,3,1,,1,0,0,1,,
468,0,2,0,56.0,0,0,26.55,0,0,0,1,1,1,,1,0,0,1,193.28812098328444,5.0
469,0,0,0,27.796196623000935,0,0,7.725,0,0,0,1,1,1,,0,1,0,1,,
470,1,0,1,0.75,2,1,19.2583,2,3,1,4,4,0,,0,0,1,0,2.3915691201482887,7.25
471,0,0,0,29.480684709524144,0,0,7.25,0,0,0,1,1,1,,1,0,0,1,,
472,0,0,0,38.0,0,0,8.6625,0,0,0,2,1,0,,1,0,0,1,99.35688443310096,5.0
473,1,1,1,33.0,1,2,27.75,3,3,1,3,3,1,,1,0,0,0,115.1337977486816,104.0
474,1,1,1,23.0,0,0,13.7917,3,0,0,1,1,0,3.0,0,0,1,1,67.46855150874883,5.0
475,0,0,1,22.0,0,0,9.8375,2,0,0,1,1,0,,1,0,0,1,59.337470718587305,5.0
476,0,2,0,29.25843615312267,0,0,52.0,0,0,0,1,2,1,0.0,1,0,0,1,,
477,0,1,0,34.0,1,0,21.0,0,1,1,2,2,1,,1,0,0,0,110.7752822927304,39.0
478,0,0,0,29.0,1,0,7.0458,0,1,1,2,1,1,,1,0,0,0,72.17276549239648,34.0
479,0,0,0,22.0,0,0,7.5208,0,0,0,1,1,0,,1,0,0,1,55.602607750671424,5.0
480,1,0,1,2.0,0,1,12.2875,2,1,1,1,1,0,,1,0,0,0,5.699967393981753,7.0
481,0,0,0,9.0,5,2,46.9,1,7,1,6,6,1,,1,0,0,0,35.543869111546584,68.0
482,0,1,0,28.150300413167397,0,0,0.0,0,0,0,1,1,1,,1,0,0,1,,
483,0,0,0,50.0,0,0,8.05,0,0,0,1,1,1,,1,0,0,1,128.43940668843513,5.0
484,1,0,1,63.0,0,0,9.5875,3,0,0,1,1,0,,1,0,0,1,168.85039484959847,5.0
485,1,2,0,25.0,1,0,91.0792,0,1,1,2,2,1,1.0,0,0,1,0,114.12932128355982,30.0
486,0,0,1,29.819581494685412,3,1,25.4667,2,4,1,4,4,0,,1,0,0,0,,
487,1,2,1,35.0,1,0,90.0,3,1,1,3,2,1,2.0,1,0,0,0,159.38569120601892,40.0
488,0,2,0,58.0,0,0,29.7,0,0,0,1,1,1,1.0,0,0,1,1,205.71090184326317,5.0
489,0,0,0,30.0,0,0,8.05,0,0,0,1,1,1,,1,0,0,1,77.06364401306107,5.0
490,1,0,0,9.0,1,1,15.9,1,2,1,2,2,1,,1,0,0,0,27.357742430736884,23.0
491,0,0,0,30.268749878036715,1,0,19.9667,0,1,1,2,1,0,,1,0,0,0,,
492,0,0,0,21.0,0,0,7.25,0,0,0,1,1,0,,1,0,0,1,52.61604467680546,5.0
493,0,2,0,55.0,0,0,30.5,0,0,0,1,1,1,2.0,1,0,0,1,196.32429830647536,5.0
494,0,2,0,71.0,0,0,49.5042,0,0,0,1,1,0,,0,0,1,1,283.87772116732623,5.0
495,0,0,0,21.0,0,0,8.05,0,0,0,2,1,1,,1,0,0,1,53.944550809142754,5.0
496,0,0,0,28.303965515452063,0,0,14.4583,0,0,0,1,2,0,,0,0,1,1,,
497,1,2,1,54.0,1,0,78.2667,2,1,1,1,2,1,3.0,0,0,1,0,238.79063030455137,59.0
498,0,0,0,28.997381841224936,0,0,15.1,0,0,0,1,1,1,,1,0,0,1,,
499,0,2,1,25.0,1,2,151.55,3,3,1,3,4,1,2.0,1,0,0,0,126.33438619431037,80.0
500,0,0,0,24.0,0,0,7.7958,0,0,0,2,1,1,,1,0,0,1,61.17880780993883,5.0
501,0,0,0,17.0,0,0,8.6625,0,0,0,2,1,0,,1,0,0,1,44.449132509545166,5.0
502,0,0,1,21.0,0,0,7.75,2,0,0,1,1,1,,0,1,0,1,53.45615670369313,5.0
503,0,0,1,29.90136189082837,0,0,7.6292,2,0,0,1,1,1,,0,1,0,1,,
504,0,0,1,37.0,0,0,9.5875,2,0,0,1,1,0,,1,0,0,1,99.16610491166895,5.0
505,1,2,1,16.0,0,0,86.5,2,0,0,1,3,1,1.0,1,0,0,1,72.26142355650362,5.0
506,0,2,0,18.0,1,0,108.9,0,1,1,2,2,0,2.0,0,0,1,0,85.23577566815646,23.0
507,1,1,1,33.0,0,2,26.0,3,2,1,2,2,1,,1,0,0,0,113.32157774800983,71.0
508,1,2,0,28.202838736781896,0,0,26.55,0,0,0,1,1,1,,1,0,0,1,,
509,0,0,0,28.0,0,0,22.525,0,0,0,3,1,1,,1,0,0,1,92.82265111304481,5.0
510,1,0,0,26.0,0,0,56.4958,0,0,0,1,7,1,,1,0,0,1,107.09319087473484,5.0
511,1,0,0,29.0,0,0,7.75,0,0,0,2,1,1,,0,1,0,1,73.82040687652861,5.0
512,0,0,0,28.778725066212363,0,0,8.05,0,0,0,2,1,1,,1,0,0,1,,
513,1,2,0,36.0,0,0,26.2875,0,0,0,1,1,1,4.0,1,0,0,1,123.95587164328414,5.0
514,1,2,1,54.0,1,0,59.4,3,1,1,1,1,1,,0,0,1,0,224.91613618795662,59.0
515,0,0,0,24.0,0,0,7.4958,0,0,0,2,1,0,,1,0,0,1,60.60942210834259,5.0
516,0,2,0,47.0,0,0,34.0208,0,0,0,1,1,1,3.0,1,0,0,1,172.21245735269133,5.0
517,1,1,1,34.0,0,0,10.5,3,0,0,1,1,0,5.0,1,0,0,1,93.18856081345683,5.0
518,0,0,0,31.512640273195615,0,0,24.15,0,0,0,1,3,1,,0,1,0,1,,
519,1,1,1,36.0,1,0,26.0,3,1,1,1,1,1,,1,0,0,0,123.62353936146526,41.0
520,0,0,0,32.0,0,0,7.8958,0,0,0,1,1,0,,1,0,0,1,81.82085366269274,5.0
521,1,2,1,30.0,0,0,93.5,2,0,0,1,2,0,1.0,1,0,0,1,137.7016964453413,5.0
522,0,0,0,22.0,0,0,7.8958,0,0,0,1,1,0,,1,0,0,1,56.251836893101256,5.0
523,0,0,0,27.036350633975662,0,0,7.225,0,0,0,1,1,0,,0,0,1,1,,
524,1,2,1,44.0,0,1,57.9792,3,1,1,2,2,0,1.0,0,0,1,0,182.28339857846714,49.0
525,0,0,0,26.224699777932507,0,0,7.2292,0,0,0,1,1,0,,0,0,1,1,,
526,0,0,0,40.5,0,0,7.75,0,0,0,1,1,1,,0,1,0,1,103.09401649997962,5.0
527,1,1,1,50.0,0,0,10.5,2,0,0,1,1,1,,1,0,0,1,137.04200119626003,5.0
528,0,2,0,33.10836033750489,0,0,221.7792,0,0,0,1,1,1,2.0,1,0,0,1,,
529,0,0,0,39.0,0,0,7.925,0,0,0,1,1,0,,1,0,0,1,99.80737339538523,5.0
530,0,1,0,23.0,2,1,11.5,0,3,1,2,1,1,,1,0,0,0,64.4772887608503,74.0
531,1,1,1,2.0,1,1,26.0,2,2,1,2,2,1,,1,0,0,0,6.8679744089702925,9.0
532,0,0,0,28.82335475890939,0,0,7.2292,0,0,0,1,1,0,,0,0,1,1,,
533,0,0,0,17.0,1,1,7.2292,0,2,1,3,1,1,,0,0,1,0,42.56505108888869,39.0
534,1,0,1,30.374902924784664,0,2,22.3583,3,2,1,2,2,1,,0,0,1,0,,
535,0,0,1,30.0,0,0,8.6625,2,0,0,2,1,0,,1,0,0,1,78.4396456050797,5.0
536,1,1,1,7.0,0,2,26.25,2,2,1,4,3,1,,1,0,0,0,24.094135633276874,19.0
537,0,2,0,45.0,0,0,26.55,0,0,0,1,1,1,1.0,1,0,0,1,155.320811504425,5.0
538,1,2,1,30.0,0,0,106.425,2,0,0,1,2,1,,0,0,1,1,141.40055156497857,5.0
539,0,0,0,31.442343394960435,0,0,14.5,0,0,0,1,1,0,,1,0,0,1,,
540,1,2,1,22.0,0,2,49.5,2,2,1,1,1,0,1.0,0,0,1,0,87.96041543672237,49.0
541,1,2,1,36.0,0,2,71.0,2,2,1,2,2,1,1.0,1,0,0,0,155.9064002503079,77.0
542,0,0,1,9.0,4,2,31.275,2,6,1,9,7,0,,1,0,0,0,32.320159188932266,59.0
543,0,0,1,11.0,4,2,31.275,2,6,1,9,7,0,,1,0,0,0,39.502416786472764,71.0
544,1,1,0,32.0,1,0,26.0,0,1,1,2,2,1,,1,0,0,0,109.88759054352468,37.0
545,0,2,0,50.0,1,0,106.425,0,1,1,1,2,1,2.0,0,0,1,0,235.667585941631,55.0
546,0,2,0,64.0,0,0,26.0,0,0,0,1,1,1,,1,0,0,1,219.77518108704936,5.0
547,1,1,1,19.0,1,0,26.0,3,1,1,2,2,1,,1,0,0,0,65.24575688521777,24.0
548,1,1,0,27.404344370237062,0,0,13.8625,0,0,0,1,1,0,,0,0,1,1,,
549,0,0,0,33.0,1,1,20.525,0,2,1,3,3,1,,1,0,0,0,106.90872601367406,71.0
550,1,1,0,8.0,1,1,36.75,1,2,1,3,2,1,,1,0,0,0,29.853595610374917,21.0
551,1,2,0,17.0,0,2,110.8833,0,2,1,3,4,1,2.0,0,0,1,0,80.79392205393134,39.0
552,0,1,0,27.0,0,0,26.0,0,0,0,1,1,1,,1,0,0,1,92.71765452109895,5.0
553,0,0,0,29.53849364416897,0,0,7.8292,0,0,0,3,1,1,,0,1,0,1,,
554,1,0,0,22.0,0,0,7.225,0,0,0,1,1,0,,0,0,1,1,55.07662677794058,5.0
555,1,0,1,22.0,0,0,7.775,2,0,0,1,1,0,,1,0,0,1,56.0447829939749,5.0
556,0,2,0,62.0,0,0,26.55,0,0,0,1,1,1,,1,0,0,1,213.9975625172078,5.0
557,1,2,1,48.0,1,0,39.6,0,1,1,2,1,0,0.0,0,0,1,0,182.2912252332489,53.0
558,0,2,0,33.40428105645695,0,0,227.525,0,0,0,1,4,1,,0,0,1,1,,
559,1,2,1,39.0,1,1,79.65,3,2,1,3,3,0,4.0,1,0,0,0,173.1024792345866,83.0
560,1,0,1,36.0,1,0,17.4,3,1,1,1,1,0,,1,0,0,0,111.92619451899579,41.0
561,0,0,0,28.558299034255114,0,0,7.75,0,0,0,1,1,1,,0,1,0,1,,
562,0,0,0,40.0,0,0,7.8958,0,0,0,1,1,0,,1,0,0,1,102.27606707836593,5.0
563,0,1,0,28.0,0,0,13.5,0,0,0,1,1,1,,1,0,0,1,81.69758049835981,5.0
564,0,0,0,28.81364727478126,0,0,8.05,0,0,0,1,1,1,,1,0,0,1,,
565,0,0,1,27.922754319963605,0,0,8.05,2,0,0,1,1,1,,1,0,0,1,,
566,0,0,0,24.0,2,0,24.15,0,2,1,3,2,1,,1,0,0,0,80.93891790711604,53.0
567,0,0,0,19.0,0,0,7.8958,0,0,0,1,1,0,,1,0,0,1,48.58113186222381,5.0
568,0,0,1,29.0,0,4,21.075,3,4,1,4,4,0,,1,0,0,0,94.56833302571825,121.0
569,0,0,0,27.694356799731064,0,0,7.2292,0,0,0,1,1,0,,0,0,1,1,,
570,1,0,0,32.0,0,0,7.8542,0,0,0,1,1,1,,1,0,0,1,81.7174593979841,5.0
571,1,1,0,62.0,0,0,10.5,0,0,0,4,1,1,,1,0,0,1,169.93208148336245,5.0
572,1,2,1,53.0,2,0,51.4792,3,2,1,1,1,1,2.0,1,0,0,0,213.79523872527233,111.0
573,1,2,0,36.0,0,0,26.3875,0,0,0,3,1,1,4.0,1,0,0,1,124.07075008141332,5.0
574,1,0,1,29.026292259870214,0,0,7.75,2,0,0,4,1,1,,0,1,0,1,,
575,0,0,0,16.0,0,0,8.05,0,0,0,1,1,1,,1,0,0,1,41.10061014029924,5.0
576,0,0,0,19.0,0,0,14.5,0,0,0,1,2,1,,1,0,0,1,56.43787484582432,5.0
577,1,1,1,34.0,0,0,13.0,2,0,0,1,1,1,,1,0,0,1,98.27263976846959,5.0
578,1,2,1,39.0,1,0,55.9,3,1,1,2,2,1,4.0,1,0,0,0,160.2600938139182,44.0
579,0,0,1,29.013162070750127,1,0,14.4583,3,1,1,1,1,0,,0,0,1,0,,
580,1,0,0,32.0,0,0,7.925,0,0,0,3,1,0,,1,0,0,1,81.89322945262377,5.0
581,1,1,1,25.0,1,1,30.0,2,2,1,1,1,1,,1,0,0,0,88.88370153723534,55.0
582,1,2,1,39.0,1,1,110.8833,3,2,1,3,4,1,2.0,0,0,1,0,185.35076235901894,83.0
583,0,1,0,54.0,0,0,26.0,0,0,0,1,2,1,,1,0,0,1,185.4353090421979,5.0
584,0,2,0,36.0,0,0,40.125,0,0,0,1,1,1,0.0,0,0,1,1,137.13971099950962,5.0
585,0,0,0,28.962565924172157,0,0,8.7125,0,0,0,1,1,0,,0,0,1,1,,
586,1,2,1,18.0,0,2,79.65,2,2,1,3,3,0,4.0,1,0,0,0,79.89345195442459,41.0
587,0,1,0,47.0,0,0,15.0,0,0,0,1,1,1,,1,0,0,1,140.79941685703756,5.0
588,1,2,0,60.0,1,1,79.2,0,2,1,1,1,0,1.0,0,0,1,0,265.99169527489687,125.0
589,0,0,0,22.0,0,0,8.05,0,0,0,1,1,0,,1,0,0,1,56.51333894291145,5.0
590,0,0,0,31.857474401983254,0,0,8.05,0,0,0,1,1,0,,1,0,0,1,,
591,0,0,0,35.0,0,0,7.125,0,0,0,1,1,0,,1,0,0,1,87.33443028882415,5.0
592,1,2,1,52.0,1,0,78.2667,3,1,1,1,2,1,3.0,0,0,1,0,229.9465328858643,57.0
593,0,0,0,47.0,0,0,7.25,0,0,0,1,1,1,,1,0,0,1,117.7597190385646,5.0
594,0,0,1,29.18367394313225,0,2,7.75,2,2,1,3,1,1,,0,1,0,0,,
595,0,1,0,37.0,1,0,26.0,0,1,1,2,1,1,,1,0,0,0,127.05752656595041,42.0
596,0,0,0,36.0,1,1,24.15,0,2,1,3,3,0,,1,0,0,0,121.40837686067405,77.0
597,1,1,1,29.432906219972416,0,0,33.0,2,0,0,1,3,1,,1,0,0,1,,
598,0,0,0,49.0,0,0,0.0,0,0,0,6,4,1,,1,0,0,1,78.86245770927091,5.0
599,0,0,0,30.92537141326732,0,0,7.225,0,0,0,3,1,0,,0,0,1,1,,
600,1,2,0,49.0,1,0,56.9292,1,1,1,2,2,0,0.0,0,0,1,0,202.17359805574904,54.0
601,1,1,1,24.0,2,1,27.0,3,3,1,2,2,1,,1,0,0,0,83.17766166719343,77.0
602,0,0,0,29.62573235547245,0,0,7.8958,0,0,0,1,1,0,,1,0,0,1,,
603,0,2,0,28.393735925001817,0,0,42.4,0,0,0,1,1,1,,1,0,0,1,,
604,0,0,0,44.0,0,0,8.05,0,0,0,1,1,1,,1,0,0,1,113.0266778858229,5.0
605,1,2,0,35.0,0,0,26.55,0,0,0,1,1,1,,0,0,1,1,120.80507561455278,5.0
606,0,0,0,36.0,1,0,15.55,0,1,1,1,1,0,,1,0,0,0,108.82299387392078,41.0
607,0,0,0,30.0,0,0,7.8958,0,0,0,1,1,0,,1,0,0,1,76.70705030877444,5.0
608,1,2,0,27.0,0,0,30.5,0,0,0,1,1,1,,1,0,0,1,96.377382804997,5.0
609,1,1,1,22.0,1,2,41.5792,3,3,1,3,3,1,,0,0,1,0,84.50538997022308,71.0
610,1,2,1,40.0,0,0,153.4625,2,0,0,1,3,1,2.0,1,0,0,1,202.62071889059382,5.0
611,0,0,1,39.0,1,5,31.275,3,6,1,9,7,1,,1,0,0,0,140.0540231520398,239.0
612,0,0,0,28.9644677540096,0,0,7.05,0,0,0,1,1,1,,1,0,0,1,,
613,1,0,1,27.76628127337681,1,0,15.5,2,1,1,2,2,1,,0,1,0,0,,
614,0,0,0,30.806976689615734,0,0,7.75,0,0,0,1,1,1,,0,1,0,1,,
615,0,0,0,35.0,0,0,8.05,0,0,0,1,1,1,,1,0,0,1,89.90758468190458,5.0
616,1,1,1,24.0,1,2,65.0,2,3,1,2,2,1,,1,0,0,0,101.96388580918463,77.0
617,0,0,0,34.0,1,1,14.4,0,2,1,2,2,0,,1,0,0,0,100.8192842463556,73.0
618,0,0,1,26.0,1,0,16.1,3,1,1,2,2,1,,1,0,0,0,79.28109905253254,31.0
619,1,1,1,4.0,2,1,39.0,2,3,1,2,2,1,5.0,1,0,0,0,15.136758535673044,17.0
620,0,1,0,26.0,0,0,10.5,0,0,0,1,1,0,,1,0,0,1,71.26184062205522,5.0
621,0,0,0,27.0,1,0,14.4542,0,1,1,2,2,0,,0,0,1,0,80.1377005965249,32.0
622,1,2,0,42.0,1,0,52.5542,0,1,1,1,1,0,3.0,1,0,0,0,170.21453872593895,47.0
623,1,0,0,20.0,1,1,15.7417,0,2,1,2,2,0,,0,0,1,0,60.642923333107355,45.0
624,0,0,0,21.0,0,0,7.8542,0,0,0,3,1,1,,1,0,0,1,53.62708272992707,5.0
625,0,0,0,21.0,0,0,16.1,0,0,0,1,2,1,,1,0,0,1,64.03473385012244,5.0
626,0,2,0,61.0,0,0,32.3208,0,0,0,1,1,1,3.0,1,0,0,1,220.79259953057345,5.0
627,0,1,0,57.0,0,0,12.35,0,0,0,1,1,1,,0,1,0,1,162.6547728643935,5.0
628,1,2,1,21.0,0,0,77.9583,2,0,0,1,3,0,3.0,1,0,0,1,92.7850995100687,5.0
629,0,0,0,26.0,0,0,7.8958,0,0,0,1,1,0,,1,0,0,1,66.47944360093786,5.0
630,0,0,0,30.26813721082968,0,0,7.7333,0,0,0,1,1,1,,0,1,0,1,,
631,1,2,0,80.0,0,0,30.0,0,0,0,1,1,1,0.0,1,0,0,1,284.4278449191531,5.0
632,0,0,0,51.0,0,0,7.0542,0,0,0,1,1,0,,1,0,0,1,126.96007049321892,5.0
633,1,2,0,32.0,0,0,30.5,1,0,0,1,1,0,1.0,0,0,1,1,114.22504628740384,5.0
634,0,2,0,31.304875966924705,0,0,0.0,0,0,0,1,1,1,,1,0,0,1,,
635,0,0,1,9.0,3,2,27.9,2,5,1,6,6,0,,1,0,0,0,31.441253919941936,50.0
636,1,1,1,28.0,0,0,13.0,2,0,0,1,1,1,,1,0,0,1,80.9304092210926,5.0
637,0,0,0,32.0,0,0,7.925,0,0,0,1,1,0,,1,0,0,1,81.89322945262377,5.0
638,0,1,0,31.0,1,1,26.25,0,2,1,3,3,1,,1,0,0,0,106.70260066165473,67.0
639,0,0,1,41.0,0,5,39.6875,3,5,1,6,6,0,,1,0,0,0,155.78744663862327,210.0
640,0,0,0,29.760380962977607,1,0,16.1,0,1,1,2,2,1,,1,0,0,0,,
641,0,0,0,20.0,0,0,7.8542,0,0,0,4,1,1,,1,0,0,1,51.07341212374006,5.0
642,1,2,1,24.0,0,0,69.3,2,0,0,1,2,0,1.0,0,0,1,1,103.39466284136913,5.0
643,0,0,1,2.0,3,2,27.9,2,5,1,6,6,0,,1,0,0,0,6.986945315542652,15.0
644,1,0,0,31.4879767455762,0,0,56.4958,0,0,0,1,7,1,,1,0,0,1,,
645,1,0,1,0.75,2,1,19.2583,2,3,1,4,4,0,,0,0,1,0,2.3915691201482887,7.25
646,1,2,0,48.0,1,0,76.7292,0,1,1,4,3,1,3.0,0,0,1,0,211.36374447133022,53.0
647,0,0,0,19.0,0,0,7.8958,0,0,0,1,1,0,,1,0,0,1,48.58113186222381,5.0
648,1,2,0,56.0,0,0,35.5,0,0,0,1,1,0,0.0,0,0,1,1,207.27291055029963,5.0
649,0,0,0,28.855135021375155,0,0,7.55,0,0,0,1,1,1,,1,0,0,1,,
650,1,0,1,23.0,0,0,7.55,2,0,0,2,1,1,,1,0,0,1,58.18357530828924,5.0
651,0,0,0,30.768568458556498,0,0,7.8958,0,0,0,1,1,0,,1,0,0,1,,
652,1,1,1,18.0,0,1,23.0,2,1,1,2,2,1,,1,0,0,0,59.979681183153666,23.0
653,0,0,0,21.0,0,0,8.4333,0,0,0,1,1,0,,1,0,0,1,54.552470676729286,5.0
654,1,0,1,31.456579576572327,0,0,7.8292,2,0,0,1,1,1,,0,1,0,1,,
655,0,0,1,18.0,0,0,6.75,2,0,0,1,1,1,,0,1,0,1,44.349358330623026,5.0
656,0,1,0,24.0,2,0,73.5,0,2,1,3,5,1,,1,0,0,0,104.71436699492071,53.0
657,0,0,0,29.766685147087074,0,0,7.8958,0,0,0,1,1,0,,1,0,0,1,,
658,0,0,1,32.0,1,1,15.5,3,2,1,3,2,1,,0,1,0,0,96.6535963566196,69.0
659,0,1,0,23.0,0,0,13.0,0,0,0,1,1,0,,1,0,0,1,66.47855043161178,5.0
660,0,2,0,58.0,0,2,113.275,0,2,1,3,3,1,3.0,0,0,1,0,276.8347204479983,121.0
661,1,2,0,50.0,2,0,133.65,1,2,1,2,2,0,,1,0,0,0,246.59763860308934,105.0
662,0,0,0,40.0,0,0,7.225,0,0,0,1,1,0,,0,0,1,1,100.13932141443743,5.0
663,0,2,0,47.0,0,0,25.5875,0,0,0,1,1,1,4.0,1,0,0,1,160.76779715213314,5.0
664,0,0,0,36.0,0,0,7.4958,0,0,0,2,1,0,,1,0,0,1,90.91413316251389,5.0
665,1,0,0,20.0,1,0,7.925,0,1,1,1,1,0,,1,0,0,0,51.183268407889855,25.0
666,0,1,0,32.0,2,0,73.5,0,2,1,3,5,1,,1,0,0,0,139.61915599322762,69.0
667,0,1,0,25.0,0,0,13.0,0,0,0,1,1,1,,1,0,0,1,72.25929394740412,5.0
668,0,0,0,28.87509539843149,0,0,7.775,0,0,0,1,1,0,,1,0,0,1,,
669,0,0,0,43.0,0,0,8.05,0,0,0,1,1,1,,1,0,0,1,110.4578897520542,5.0
670,1,2,1,30.03348938255463,1,0,52.0,3,1,1,2,2,1,2.0,1,0,0,0,,
671,1,1,1,40.0,1,1,39.0,3,2,1,4,2,1,,1,0,0,0,151.36758535673044,85.0
672,0,2,0,31.0,1,0,52.0,0,1,1,1,1,1,1.0,1,0,0,0,125.33458930287105,36.0
673,0,1,0,70.0,0,0,10.5,0,0,0,1,1,1,,1,0,0,1,191.85880167476407,5.0
674,1,1,0,31.0,0,0,13.0,0,0,0,1,1,1,,1,0,0,1,89.6015244947811,5.0
675,0,1,0,27.387617882154306,0,0,0.0,0,0,0,1,1,1,,1,0,0,1,,
676,0,0,0,18.0,0,0,7.775,0,0,0,1,1,0,,1,0,0,1,45.854822449615824,5.0
677,0,0,0,24.5,0,0,8.05,0,0,0,1,1,1,,1,0,0,1,62.93530927733321,5.0
678,1,0,1,18.0,0,0,9.8417,2,0,0,1,1,0,,1,0,0,1,48.55393415581824,5.0
679,0,0,1,43.0,1,6,46.9,3,7,1,6,6,1,,1,0,0,0,169.82070797738925,306.0
680,1,2,0,36.0,0,1,512.3292,0,1,1,1,3,0,1.0,0,0,1,0,224.95245920468696,41.0
681,0,0,1,28.041302360595346,0,0,8.1375,2,0,0,1,1,1,,0,1,0,1,,
682,1,2,0,27.0,0,0,76.7292,0,0,0,1,3,0,3.0,0,0,1,1,118.89210626512325,5.0
683,0,0,0,20.0,0,0,9.225,0,0,0,1,1,0,,1,0,0,1,53.10001960024789,5.0
684,0,0,0,14.0,5,2,46.9,0,7,1,6,6,1,,1,0,0,0,55.2904630624058,103.0
685,0,1,0,60.0,1,1,39.0,0,2,1,4,2,1,,1,0,0,0,227.05137803509567,125.0
686,0,1,0,25.0,1,2,41.5792,0,3,1,3,3,1,,0,0,1,0,96.02885223888987,80.0
687,0,0,0,14.0,4,1,39.6875,0,5,1,6,6,0,,1,0,0,0,53.19571348635917,75.0
688,0,0,0,19.0,0,0,10.1708,0,0,0,1,1,0,,1,0,0,1,51.66807802501667,5.0
689,0,0,0,18.0,0,0,7.7958,0,0,0,1,1,0,,1,0,0,1,45.884105857454124,5.0
690,1,2,1,15.0,0,1,211.3375,2,1,1,1,3,0,1.0,1,0,0,0,80.65259532376676,20.0
691,1,2,0,31.0,1,0,57.0,0,1,1,2,2,1,1.0,1,0,0,0,127.94116593639784,36.0
692,1,0,1,4.0,0,1,13.4167,2,1,1,1,1,0,,0,0,1,0,11.653031446731463,9.0
693,1,0,0,30.414132055113797,0,0,56.4958,0,0,0,2,7,0,,1,0,0,1,,
694,0,0,0,25.0,0,0,7.225,0,0,0,2,1,0,,0,0,1,1,62.58707588402339,5.0
695,0,2,0,60.0,0,0,26.55,0,0,0,1,1,1,,1,0,0,1,207.09441533923334,5.0
696,0,1,0,52.0,0,0,13.5,0,0,0,2,1,1,,1,0,0,1,151.7240780683825,5.0
697,0,0,0,44.0,0,0,8.05,0,0,0,4,1,1,,1,0,0,1,113.0266778858229,5.0
698,1,0,1,30.091533910688234,0,0,7.7333,2,0,0,1,1,1,,0,1,0,1,,
699,0,2,0,49.0,1,1,110.8833,0,2,1,3,4,1,2.0,0,0,1,0,232.8765988613315,103.0
700,0,0,0,42.0,0,0,7.65,0,0,0,1,1,0,6.0,1,0,0,1,106.58160303728823,5.0
701,1,2,1,18.0,1,0,227.525,3,1,1,1,4,1,2.0,0,0,1,0,98.08195943031356,23.0
702,1,2,0,35.0,0,0,26.2875,0,0,0,1,1,0,4.0,1,0,0,1,120.51265298652625,5.0
703,0,0,1,18.0,0,1,14.4542,2,1,1,2,2,0,,0,0,1,0,53.425133731016594,23.0
704,0,0,0,25.0,0,0,7.7417,0,0,0,1,1,1,,0,1,0,1,63.622001980813536,5.0
705,0,0,0,26.0,1,0,7.8542,0,1,1,3,1,1,,1,0,0,0,66.39543576086209,31.0
706,0,1,0,39.0,0,0,26.0,0,0,0,2,2,1,,1,0,0,1,133.9255009749207,5.0
707,1,1,1,45.0,0,0,13.5,3,0,0,4,1,1,,1,0,0,1,131.29968294379256,5.0
708,1,2,0,42.0,0,0,26.2875,0,0,0,1,1,1,4.0,1,0,0,1,144.6151835838315,5.0
709,1,2,1,22.0,0,0,151.55,2,0,0,1,4,1,,1,0,0,1,111.17425985099312,5.0
710,1,0,0,30.306092579461488,1,1,15.2458,1,2,1,2,2,0,,0,0,1,0,,
711,1,2,1,24.0,0,0,49.5042,2,0,0,1,1,1,2.0,0,0,1,1,95.9586663100821,5.0
712,0,2,0,29.796042571938077,0,0,26.55,0,0,0,1,1,0,2.0,1,0,0,1,,
713,1,2,0,48.0,1,0,52.0,0,1,1,2,2,1,2.0,1,0,0,0,194.06646085605843,53.0
714,0,0,0,29.0,0,0,9.4833,0,0,0,2,1,1,,1,0,0,1,77.51689158479545,5.0
715,0,1,0,52.0,0,0,13.0,0,0,0,1,2,1,,1,0,0,1,150.29933141060056,5.0
716,0,0,0,19.0,0,0,7.65,0,0,0,1,1,0,6.0,1,0,0,1,48.21548708829706,5.0
717,1,2,1,38.0,0,0,227.525,2,0,0,1,4,0,2.0,0,0,1,1,207.06191435288417,5.0
718,1,1,1,27.0,0,0,10.5,2,0,0,1,1,0,4.0,1,0,0,1,74.00268064598042,5.0
719,0,0,0,30.07180693515292,0,0,15.5,0,0,0,1,1,1,,0,1,0,1,,
720,0,0,0,33.0,0,0,7.775,0,0,0,6,1,1,,1,0,0,1,84.06717449096234,5.0
721,1,1,1,6.0,0,1,33.0,2,1,1,4,3,1,,1,0,0,0,21.825516958358314,11.0
722,0,0,0,17.0,1,0,7.0542,0,1,1,4,1,1,,1,0,0,0,42.32002349773964,22.0
723,0,1,0,34.0,0,0,13.0,0,0,0,1,1,1,,1,0,0,1,98.27263976846959,5.0
724,0,1,0,50.0,0,0,13.0,0,0,0,1,1,1,,1,0,0,1,144.51858789480823,5.0
725,1,2,0,27.0,1,0,53.1,0,1,1,2,2,1,4.0,1,0,0,0,109.67847292416238,32.0
726,0,0,0,20.0,0,0,8.6625,0,0,0,2,1,0,,1,0,0,1,52.293097070053136,5.0
727,1,1,1,30.0,3,0,21.0,3,3,1,2,2,1,,1,0,0,0,97.74289614064446,95.0
728,1,0,1,31.279018347669012,0,0,7.7375,2,0,0,1,1,1,,0,1,0,1,,
729,0,1,0,25.0,1,0,26.0,0,1,1,1,1,0,,1,0,0,0,85.84968011212865,30.0
730,0,0,1,25.0,1,0,7.925,2,1,1,1,1,0,,1,0,0,0,63.97908550986232,30.0
731,1,2,1,29.0,0,0,211.3375,2,0,0,2,3,1,1.0,1,0,0,1,155.92835095928243,5.0
732,0,0,0,11.0,0,0,18.7875,0,0,0,1,2,0,,0,0,1,1,34.86076255884495,5.0
733,0,1,0,29.085153404198614,0,0,0.0,0,0,0,1,1,1,,1,0,0,1,,
734,0,1,0,23.0,0,0,13.0,0,0,0,1,1,1,,1,0,0,1,66.47855043161178,5.0
735,0,1,0,23.0,0,0,13.0,0,0,0,1,1,0,,1,0,0,1,66.47855043161178,5.0
736,0,0,0,28.5,0,0,16.1,0,0,0,4,2,1,,1,0,0,1,86.9042816537376,5.0
737,0,0,1,48.0,1,3,34.375,3,4,1,4,4,1,,1,0,0,0,176.31029266299828,197.0
738,1,2,0,35.0,0,0,512.3292,0,0,0,1,3,0,1.0,0,0,1,1,218.70377978233455,5.0
739,0,0,0,32.13646835197965,0,0,7.8958,0,0,0,1,1,0,,1,0,0,1,,
740,0,0,0,30.836232212737528,0,0,7.8958,0,0,0,1,1,0,,1,0,0,1,,
741,1,2,0,31.232753088482887,0,0,30.0,0,0,0,1,1,1,3.0,1,0,0,1,,
742,0,2,0,36.0,1,0,78.85,0,1,1,1,2,1,2.0,1,0,0,0,159.44506157769183,41.0
743,1,2,1,21.0,2,2,262.375,2,4,1,2,2,0,1.0,0,0,1,0,117.36169551545396,89.0
744,0,0,0,24.0,1,0,16.1,0,1,1,1,1,0,,1,0,0,0,73.1825529715685,29.0
745,1,0,0,31.0,0,0,7.925,0,0,0,1,1,0,,1,0,0,1,79.33406603222927,5.0
746,0,2,0,70.0,1,1,71.0,-1,2,1,2,2,1,1.0,1,0,0,0,303.1513338200432,145.0
747,0,0,0,16.0,1,1,20.25,0,2,1,2,2,1,,1,0,0,0,51.6612184915419,37.0
748,1,1,1,30.0,0,0,13.0,2,0,0,1,1,0,,1,0,0,1,86.71115273688494,5.0
749,0,2,0,19.0,1,0,53.1,0,1,1,1,1,1,3.0,1,0,0,0,77.18114761329944,24.0
750,0,0,0,31.0,0,0,7.75,0,0,0,1,1,0,,0,1,0,1,78.91146941973749,5.0
751,1,1,1,4.0,1,1,23.0,2,2,1,1,1,1,,1,0,0,0,13.328818040700815,13.0
752,1,0,0,6.0,0,1,12.475,1,1,1,2,2,1,4.0,1,0,0,0,17.164627728719243,11.0
753,0,0,0,33.0,0,0,9.5,0,0,0,1,1,0,,1,0,0,1,88.24690543107545,5.0
754,0,0,0,23.0,0,0,7.8958,0,0,0,1,1,0,,1,0,0,1,58.808738570060406,5.0
755,1,1,1,48.0,1,2,65.0,3,3,1,2,2,1,,1,0,0,0,203.92777161836926,149.0
756,1,1,0,0.67,1,1,14.5,1,2,1,2,2,0,,1,0,0,0,1.9901776919316998,6.34
757,0,0,0,28.0,0,0,7.7958,0,0,0,2,1,1,,1,0,0,1,71.37527577826198,5.0
758,0,1,0,18.0,0,0,11.5,0,0,0,1,1,1,,1,0,0,1,50.46048685631763,5.0
759,0,0,0,34.0,0,0,8.05,0,0,0,1,1,1,,1,0,0,1,87.33879654813589,5.0
760,1,2,1,33.0,0,0,86.5,0,0,0,1,3,0,1.0,1,0,0,1,149.03918608528872,5.0
761,0,0,0,31.82253829700594,0,0,14.5,0,0,0,1,2,1,,1,0,0,1,,
762,0,0,0,41.0,0,0,7.125,0,0,0,1,1,0,,1,0,0,1,102.30604690976543,5.0
763,1,0,0,20.0,0,0,7.2292,0,0,0,1,1,0,,0,0,1,1,50.07653069281022,5.0
764,1,2,1,36.0,1,2,120.0,3,3,1,6,4,1,1.0,1,0,0,0,173.81929454288286,113.0
765,0,0,0,16.0,0,0,7.775,0,0,0,1,1,0,,1,0,0,1,40.75984217743629,5.0
766,1,2,1,51.0,1,0,77.9583,3,1,1,1,3,0,3.0,1,0,0,0,225.3352416673097,56.0
767,0,2,0,31.902439954871717,0,0,39.6,1,0,0,1,1,1,,0,0,1,1,,
768,0,0,1,30.5,0,0,7.75,2,0,0,1,1,1,,0,1,0,1,77.63870378393527,5.0
769,0,0,0,29.88456546615817,1,0,24.15,0,1,1,3,3,1,,0,1,0,0,,
770,0,0,0,32.0,0,0,8.3625,0,0,0,1,1,0,,1,0,0,1,82.95847284323723,5.0
771,0,0,0,24.0,0,0,9.5,0,0,0,1,1,0,,1,0,0,1,64.17956758623669,5.0
772,0,0,0,48.0,0,0,7.8542,0,0,0,4,1,1,,1,0,0,1,122.57618909697615,5.0
773,0,1,1,57.0,0,0,10.5,3,0,0,1,2,1,4.0,1,0,0,1,156.22788136373646,5.0
774,0,0,0,30.279971283136746,0,0,7.225,0,0,0,3,1,1,,0,0,1,1,,
775,1,1,1,54.0,1,3,23.0,3,4,1,2,1,1,,1,0,0,0,179.93904354946102,221.0
776,0,0,0,18.0,0,0,7.75,0,0,0,1,1,0,,1,0,0,1,45.81956288887983,5.0
777,0,0,0,28.65053980383738,0,0,7.75,0,0,0,1,1,0,5.0,0,1,0,1,,
778,1,0,1,5.0,0,0,12.475,2,0,0,1,2,1,,1,0,0,1,14.30385644059937,5.0
779,0,0,0,32.565869243875646,0,0,7.7375,0,0,0,1,1,1,,0,1,0,1,,
780,1,2,1,43.0,0,1,211.3375,3,1,1,1,3,1,1.0,1,0,0,0,231.20410659479808,48.0
781,1,0,1,13.0,0,0,7.2292,2,0,0,1,1,0,,0,0,1,1,32.54974495032664,5.0
782,1,2,1,17.0,1,0,57.0,3,1,1,2,2,1,1.0,1,0,0,0,70.16128454576656,22.0
783,0,2,0,29.0,0,0,30.0,0,0,0,1,1,1,3.0,1,0,0,1,103.105093783193,5.0
784,0,0,0,29.468614965367582,1,2,23.45,0,3,1,2,2,1,,1,0,0,0,,
785,0,0,0,25.0,0,0,7.05,0,0,0,2,1,1,,1,0,0,1,62.2266164984166,5.0
786,0,0,0,25.0,0,0,7.25,0,0,0,1,1,1,,1,0,0,1,62.6381484247684,5.0
787,1,0,1,18.0,0,0,7.4958,2,0,0,1,1,0,,1,0,0,1,45.457066581256946,5.0
788,0,0,0,8.0,4,1,29.125,1,5,1,5,5,1,,0,1,0,0,28.240242028040992,45.0
789,1,0,0,1.0,1,2,20.575,1,3,1,2,2,1,,1,0,0,0,3.2416153118376902,8.0
790,0,2,0,46.0,0,0,79.2,0,0,0,1,2,0,1.0,0,0,1,1,203.92696637742094,5.0
791,0,0,0,29.32505171269858,0,0,7.75,0,0,0,2,1,1,,0,1,0,1,,
792,0,1,0,16.0,0,0,26.0,0,0,0,1,2,1,,1,0,0,1,54.94379527176234,5.0
793,0,0,1,31.51731891497669,8,2,69.55,2,10,1,7,7,1,,1,0,0,0,,
794,0,2,0,31.963005763930234,0,0,30.6958,0,0,0,3,1,1,,0,0,1,1,,
795,0,0,0,25.0,0,0,7.8958,0,0,0,1,1,0,,1,0,0,1,63.922541923978706,5.0
796,0,1,0,39.0,0,0,13.0,0,0,0,1,1,1,,1,0,0,1,112.72449855795041,5.0
797,1,2,1,49.0,0,0,25.9292,1,0,0,1,1,1,3.0,1,0,0,1,168.15333535381117,5.0
798,1,0,1,31.0,0,0,8.6833,3,0,0,1,1,1,,1,0,0,1,81.10145944638677,5.0
799,0,0,0,30.0,0,0,7.2292,0,0,0,1,1,0,,0,0,1,1,75.11479603921534,5.0
800,0,0,1,30.0,1,1,24.15,3,2,1,3,3,0,,1,0,0,0,101.17364738389504,65.0
801,0,1,0,34.0,0,0,13.0,0,0,0,1,2,0,,1,0,0,1,98.27263976846959,5.0
802,1,1,1,31.0,1,1,26.25,3,2,1,3,3,1,,1,0,0,0,106.70260066165473,67.0
803,1,2,0,11.0,1,2,120.0,1,3,1,6,4,1,1.0,1,0,0,0,53.11145111032532,38.0
804,1,0,0,0.42,0,1,8.5167,1,1,1,1,1,1,,0,0,1,0,1.093648902352237,5.42
805,1,0,0,27.0,0,0,6.975,0,0,0,1,1,0,,1,0,0,1,67.03617086901843,5.0
806,0,0,0,31.0,0,0,7.775,0,0,0,3,1,1,,1,0,0,1,78.97219421878282,5.0
807,0,2,0,39.0,0,0,0.0,0,0,0,2,1,1,0.0,1,0,0,1,62.76807858492991,5.0
808,0,0,1,18.0,0,0,7.775,2,0,0,1,1,1,,1,0,0,1,45.854822449615824,5.0
809,0,1,0,39.0,0,0,13.0,0,0,0,3,1,1,,1,0,0,1,112.72449855795041,5.0
810,1,2,1,33.0,1,0,53.1,3,1,1,2,2,1,4.0,1,0,0,0,134.05146690730956,38.0
811,0,0,0,26.0,0,0,7.8875,0,0,0,1,1,1,,1,0,0,1,66.46270408292003,5.0
812,0,0,0,39.0,0,0,24.15,0,0,0,1,2,1,,1,0,0,1,131.52574159906356,5.0
813,0,1,0,35.0,0,0,10.5,0,0,0,1,1,1,,1,0,0,1,95.92940083738203,5.0
814,0,0,1,6.0,4,2,31.275,2,6,1,9,7,0,,1,0,0,0,21.54677279262151,41.0
815,0,0,0,30.5,0,0,8.05,0,0,0,1,1,1,,1,0,0,1,78.34803807994543,5.0
816,0,2,0,28.500946532893522,0,0,0.0,0,0,0,1,1,1,1.0,1,0,0,1,,
817,0,0,1,23.0,0,0,7.925,2,0,0,1,1,0,,1,0,0,1,58.860758669073334,5.0
818,0,1,0,31.0,1,1,37.0042,0,2,1,2,2,1,,0,0,1,0,115.87085801179475,67.0
819,0,0,0,43.0,0,0,6.45,0,0,0,1,1,1,,1,0,0,1,104.8335583900107,5.0
820,0,0,0,10.0,3,2,27.9,1,5,1,6,6,0,,1,0,0,0,34.93472657771326,55.0
821,1,2,1,52.0,1,1,93.5,3,2,1,2,2,1,1.0,1,0,0,0,238.68294050525824,109.0
822,1,0,0,27.0,0,0,8.6625,0,0,0,1,1,0,,1,0,0,1,70.59568104457173,5.0
823,0,2,0,38.0,0,0,0.0,0,0,0,1,1,0,,1,0,0,1,61.158640672495814,5.0
824,1,0,1,27.0,0,1,12.475,3,1,1,2,2,1,4.0,1,0,0,0,77.24082477923659,32.0
825,0,0,0,2.0,4,1,39.6875,1,5,1,6,6,0,,1,0,0,0,7.599387640908453,15.0
826,0,0,0,30.080106066771087,0,0,6.95,0,0,0,3,1,1,,0,1,0,1,,
827,0,0,0,31.80676970433224,0,0,56.4958,0,0,0,2,7,1,,1,0,0,1,,
828,1,1,0,1.0,0,2,37.0042,1,2,1,2,2,1,,0,0,1,0,3.7377696132837017,7.0
829,1,0,0,31.882808502298776,0,0,7.75,0,0,0,1,1,1,,0,1,0,1,,
830,1,2,1,62.0,0,0,80.0,3,0,0,1,2,1,1.0,0,0,0,1,275.44437790239965,5.0
831,1,0,1,15.0,1,0,14.4542,3,1,1,2,2,0,,0,0,1,0,44.52094477584716,20.0
832,1,1,0,0.83,1,1,18.75,1,2,1,3,3,1,,1,0,0,0,2.6290935002989397,6.66
833,0,0,0,28.21593344119865,0,0,7.2292,0,0,0,2,1,1,,0,0,1,1,,
834,0,0,0,23.0,0,0,7.8542,0,0,0,1,1,0,,1,0,0,1,58.73442394230107,5.0
835,0,0,0,18.0,0,0,8.3,0,0,0,1,1,1,,1,0,0,1,46.579752634098746,5.0
836,1,2,1,39.0,1,1,83.1583,2,2,1,1,1,1,4.0,0,0,1,0,174.68622842178635,83.0
837,0,0,0,21.0,0,0,8.6625,0,0,0,1,1,0,,1,0,0,1,54.90775192355579,5.0
838,0,0,0,30.125739158051484,0,0,8.05,0,0,0,1,1,1,,1,0,0,1,,
839,1,0,0,32.0,0,0,56.4958,0,0,0,1,7,0,,1,0,0,1,131.8070041535198,5.0
840,1,2,0,32.37084601323461,0,0,29.7,0,0,0,1,1,0,2.0,0,0,1,1,,
841,0,0,0,20.0,0,0,7.925,0,0,0,1,1,0,,1,0,0,1,51.183268407889855,5.0
842,0,1,0,16.0,0,0,10.5,0,0,0,1,2,1,,1,0,0,1,43.853440382803214,5.0
843,1,2,1,30.0,0,0,31.0,2,0,0,1,2,0,,0,0,1,1,107.5055681536833,5.0
844,0,0,0,34.5,0,0,6.4375,0,0,0,1,1,0,,0,0,1,1,84.07296135575658,5.0
845,0,0,0,17.0,0,0,8.6625,0,0,0,1,1,0,,1,0,0,1,44.449132509545166,5.0
846,0,0,0,42.0,0,0,7.55,0,0,0,1,1,0,,1,0,0,1,106.2482679542673,5.0
847,0,0,0,28.3188117515158,8,2,69.55,0,10,1,7,7,1,,1,0,0,0,,
848,0,0,0,35.0,0,0,7.8958,0,0,0,1,1,0,,0,0,1,1,89.49155869357018,5.0
849,0,1,0,28.0,0,1,33.0,0,1,1,4,3,1,,1,0,0,0,101.8524124723388,33.0
850,1,2,1,31.524418729716785,1,0,89.1042,3,1,1,2,2,1,2.0,0,0,1,0,,
851,0,0,0,4.0,4,2,31.275,1,6,1,9,7,0,,1,0,0,0,14.364515195081006,29.0
852,0,0,0,74.0,0,0,7.775,0,0,0,2,1,1,,1,0,0,1,188.51427007064285,5.0
853,0,0,1,9.0,1,1,15.2458,2,2,1,3,2,0,,0,0,1,0,27.07152628169925,23.0
854,1,2,1,16.0,0,1,39.4,2,1,1,1,1,1,3.0,1,0,0,0,60.69183151101087,21.0
855,0,1,1,44.0,1,0,26.0,3,1,1,6,2,1,,1,0,0,0,151.09543699734644,49.0
856,1,0,1,18.0,0,1,9.35,3,1,1,1,1,0,,1,0,0,0,47.94749895970134,23.0
857,1,2,1,45.0,1,1,164.8667,3,2,1,2,2,1,,1,0,0,0,231.07563053199738,95.0
858,1,2,0,51.0,0,0,26.55,0,0,0,2,1,1,4.0,1,0,0,1,176.03025303834835,5.0
859,1,0,1,24.0,0,3,19.2583,3,3,1,4,4,0,,0,0,1,0,76.53021184474524,77.0
860,0,0,0,30.11409551516752,0,0,7.2292,0,0,0,1,1,0,,0,0,1,1,,
861,0,0,0,41.0,2,0,14.1083,0,2,1,3,1,1,,1,0,0,0,120.95503462102425,87.0
862,0,1,0,21.0,1,0,11.5,0,1,1,1,1,1,,1,0,0,0,58.870567999037235,26.0
863,1,2,1,48.0,0,0,25.9292,3,0,0,1,1,1,3.0,1,0,0,1,164.7216346323048,5.0
864,0,0,1,31.529705781962797,8,2,69.55,2,10,1,7,7,1,,1,0,0,0,,
865,0,1,0,24.0,0,0,13.0,0,0,0,1,1,1,,1,0,0,1,69.36892218950794,5.0
866,1,1,1,42.0,0,0,13.0,3,0,0,1,1,0,,1,0,0,1,121.39561383163891,5.0
867,1,1,1,27.0,1,0,13.8583,2,1,1,1,1,0,,0,0,1,0,79.29773465268826,32.0
868,0,2,0,31.0,0,0,50.4958,0,0,0,1,1,0,0.0,1,0,0,1,124.5055276086081,5.0
869,0,0,0,31.57416661739528,0,0,9.5,0,0,0,1,1,0,,1,0,0,1,,
870,1,0,0,4.0,1,1,11.1333,1,2,1,6,3,1,,1,0,0,0,11.123541835746558,13.0
871,0,0,0,26.0,0,0,7.8958,0,0,0,1,1,0,,1,0,0,1,66.47944360093786,5.0
872,1,2,1,47.0,1,1,52.5542,3,2,1,2,2,1,3.0,1,0,0,0,190.47817428855072,99.0
873,0,2,0,33.0,0,0,5.0,0,0,0,2,1,1,1.0,1,0,0,1,75.98530806880352,5.0
874,0,0,0,47.0,0,0,9.0,0,0,0,1,1,0,,1,0,0,1,124.03569449191714,5.0
875,1,1,1,28.0,1,0,24.0,3,1,1,2,2,1,,0,0,1,0,94.28428323962127,33.0
876,1,0,1,15.0,0,0,7.225,2,0,0,1,1,0,,0,0,1,1,37.552245530414034,5.0
877,0,0,0,20.0,0,0,9.8458,0,0,0,4,2,0,,1,0,0,1,53.95433993924837,5.0
878,0,0,0,19.0,0,0,7.8958,0,0,0,2,1,0,,1,0,0,1,48.58113186222381,5.0
879,0,0,0,30.7334620378001,0,0,7.8958,0,0,0,1,1,0,,1,0,0,1,,
880,1,2,1,56.0,0,1,83.1583,3,1,1,1,2,1,2.0,0,0,1,0,250.83150747743682,61.0
881,1,1,1,25.0,0,1,26.0,3,1,1,1,2,1,,1,0,0,0,85.84968011212865,30.0
882,0,0,0,33.0,0,0,7.8958,0,0,0,1,1,0,,1,0,0,1,84.37775533965188,5.0
883,0,0,1,22.0,0,0,10.5167,2,0,0,1,1,0,,1,0,0,1,60.32217099216816,5.0
884,0,1,0,28.0,0,0,10.5,0,0,0,1,1,1,,1,0,0,1,76.74352066990562,5.0
885,0,0,0,25.0,0,0,7.05,0,0,0,1,1,0,,1,0,0,1,62.2266164984166,5.0
886,0,0,1,39.0,0,5,29.125,3,5,1,5,5,1,,0,1,0,0,137.67117988669983,200.0
887,0,1,0,27.0,0,0,13.0,0,0,0,1,1,0,,1,0,0,1,78.04003746319644,5.0
888,1,2,1,19.0,0,0,30.0,2,0,0,3,1,1,1.0,1,0,0,1,67.55161316829886,5.0
889,0,0,1,33.30619865462018,1,2,23.45,2,3,1,2,2,1,,1,0,0,0,,
890,1,2,0,26.0,0,0,30.0,0,0,0,1,1,1,2.0,0,0,1,1,92.43904959872475,5.0
891,0,0,0,32.0,0,0,7.75,0,0,0,1,1,1,,0,1,0,1,81.45700069134192,5.0
